Workbook

Sheet Dashboard
A2: EMPLOYEE SEPARATION ANALYTICS DASHBOARD
A3: Emory Valley Center
A5: CALENDAR YEAR: | B5: FY 2026 | C5: JAN 1 — DEC 31 | F5: EVC FISCAL YEAR: | G5: FY EVC 2026 | H5: JUL 1 — JUN 30
A7: TOTAL ACTIVE EMPLOYEES | D7: YTD SEPARATIONS | G7: TURNOVER RATE | J7: VOLUNTARY %
A8: =VLOOKUP($B$5,Data!$A$2:$K$6,2,FALSE()) -> 366 | D8: =VLOOKUP($B$5,Data!$A$2:$K$6,3,FALSE()) -> 35 | G8: =VLOOKUP($B$5,Data!$A$2:$K$6,4,FALSE()) -> 0.095628415 | J8: =VLOOKUP($B$5,Data!$A$2:$K$6,9,FALSE()) -> 0.6
A9: as of FY start | D9: =VLOOKUP($B$5,Data!$A$2:$K$6,6,FALSE())&" voluntary / "&VLOOKUP($B$5,Data!$A$2:$K$6,7,FALSE())&" involuntary" -> 21 voluntary / 4 involuntary | G9: ="Avg "&TEXT(VLOOKUP($B$5,Data!$A$2:$K$6,5,FALSE()),"0.0")&"/month" -> Avg 8.8/month | J9: ="Rehire eligible: "&TEXT(VLOOKUP($B$5,Data!$A$2:$K$6,10,FALSE()),"0%") -> Rehire eligible: 43%
A11: MONTHLY SEPARATIONS | G11: SEPARATIONS BY JOB
A12: Month | B12: Separations | C12: % of YTD | D12: TOR % | E12: Cumulative | G12: Job Title | H12: Count | I12: % of Total | J12: TOR %
A13: January | B13: =INDEX(Data!$A$11:$M$15,MATCH($B$5,Data!$A$11:$A$15,0),2) -> 8 | C13: =IF(VLOOKUP($B$5,Data!$A$2:$K$6,3,FALSE())=0,0,B13/VLOOKUP($B$5,Data!$A$2:$K$6,3,FALSE())) -> 0.22857143 | D13: =IF(VLOOKUP($B$5,Data!$A$2:$K$6,2,FALSE())=0,0,B13/VLOOKUP($B$5,Data!$A$2:$K$6,2,FALSE())) -> 0.021857923 | E13: =B13 -> 8 | G13: LEADERSHIP
A14: February | B14: =INDEX(Data!$A$11:$M$15,MATCH($B$5,Data!$A$11:$A$15,0),3) -> 10 | C14: =IF(VLOOKUP($B$5,Data!$A$2:$K$6,3,FALSE())=0,0,B14/VLOOKUP($B$5,Data!$A$2:$K$6,3,FALSE())) -> 0.28571429 | D14: =IF(VLOOKUP($B$5,Data!$A$2:$K$6,2,FALSE())=0,0,B14/VLOOKUP($B$5,Data!$A$2:$K$6,2,FALSE())) -> 0.027322404 | E14: =E13+B14 -> 18 | G14: President | H14: =INDEX(Data!$A$21:$F$21,1,MATCH($B$5,Data!$B$20:$F$20,0)+1) -> 0 | I14: =IF(VLOOKUP($B$5,Data!$A$2:$K$6,3,FALSE())=0,0,H14/VLOOKUP($B$5,Data!$A$2:$K$6,3,FALSE())) -> 0 | J14: =IF(VLOOKUP($B$5,Data!$A$2:$K$6,2,FALSE())=0,0,H14/VLOOKUP($B$5,Data!$A$2:$K$6,2,FALSE())) -> 0
A15: March | B15: =INDEX(Data!$A$11:$M$15,MATCH($B$5,Data!$A$11:$A$15,0),4) -> 10 | C15: =IF(VLOOKUP($B$5,Data!$A$2:$K$6,3,FALSE())=0,0,B15/VLOOKUP($B$5,Data!$A$2:$K$6,3,FALSE())) -> 0.28571429 | D15: =IF(VLOOKUP($B$5,Data!$A$2:$K$6,2,FALSE())=0,0,B15/VLOOKUP($B$5,Data!$A$2:$K$6,2,FALSE())) -> 0.027322404 | E15: =E14+B15 -> 28 | G15: VP of Operations | H15: =INDEX(Data!$A$22:$F$22,1,MATCH($B$5,Data!$B$20:$F$20,0)+1) -> 0 | I15: =IF(VLOOKUP($B$5,Data!$A$2:$K$6,3,FALSE())=0,0,H15/VLOOKUP($B$5,Data!$A$2:$K$6,3,FALSE())) -> 0 | J15: =IF(VLOOKUP($B$5,Data!$A$2:$K$6,2,FALSE())=0,0,H15/VLOOKUP($B$5,Data!$A$2:$K$6,2,FALSE())) -> 0
A16: April | B16: =INDEX(Data!$A$11:$M$15,MATCH($B$5,Data!$A$11:$A$15,0),5) -> 7 | C16: =IF(VLOOKUP($B$5,Data!$A$2:$K$6,3,FALSE())=0,0,B16/VLOOKUP($B$5,Data!$A$2:$K$6,3,FALSE())) -> 0.2 | D16: =IF(VLOOKUP($B$5,Data!$A$2:$K$6,2,FALSE())=0,0,B16/VLOOKUP($B$5,Data!$A$2:$K$6,2,FALSE())) -> 0.019125683 | E16: =E15+B16 -> 35 | G16: VP of Children Services | H16: =INDEX(Data!$A$23:$F$23,1,MATCH($B$5,Data!$B$20:$F$20,0)+1) -> 0 | I16: =IF(VLOOKUP($B$5,Data!$A$2:$K$6,3,FALSE())=0,0,H16/VLOOKUP($B$5,Data!$A$2:$K$6,3,FALSE())) -> 0 | J16: =IF(VLOOKUP($B$5,Data!$A$2:$K$6,2,FALSE())=0,0,H16/VLOOKUP($B$5,Data!$A$2:$K$6,2,FALSE())) -> 0
A17: May | B17: =INDEX(Data!$A$11:$M$15,MATCH($B$5,Data!$A$11:$A$15,0),6) -> 0 | C17: =IF(VLOOKUP($B$5,Data!$A$2:$K$6,3,FALSE())=0,0,B17/VLOOKUP($B$5,Data!$A$2:$K$6,3,FALSE())) -> 0 | D17: =IF(VLOOKUP($B$5,Data!$A$2:$K$6,2,FALSE())=0,0,B17/VLOOKUP($B$5,Data!$A$2:$K$6,2,FALSE())) -> 0 | E17: =E16+B17 -> 35 | G17: VP of Professional Services | H17: =INDEX(Data!$A$24:$F$24,1,MATCH($B$5,Data!$B$20:$F$20,0)+1) -> 0 | I17: =IF(VLOOKUP($B$5,Data!$A$2:$K$6,3,FALSE())=0,0,H17/VLOOKUP($B$5,Data!$A$2:$K$6,3,FALSE())) -> 0 | J17: =IF(VLOOKUP($B$5,Data!$A$2:$K$6,2,FALSE())=0,0,H17/VLOOKUP($B$5,Data!$A$2:$K$6,2,FALSE())) -> 0
A18: June | B18: =INDEX(Data!$A$11:$M$15,MATCH($B$5,Data!$A$11:$A$15,0),7) -> 0 | C18: =IF(VLOOKUP($B$5,Data!$A$2:$K$6,3,FALSE())=0,0,B18/VLOOKUP($B$5,Data!$A$2:$K$6,3,FALSE())) -> 0 | D18: =IF(VLOOKUP($B$5,Data!$A$2:$K$6,2,FALSE())=0,0,B18/VLOOKUP($B$5,Data!$A$2:$K$6,2,FALSE())) -> 0 | E18: =E17+B18 -> 35 | G18: VP of Behavioral Health | H18: =INDEX(Data!$A$25:$F$25,1,MATCH($B$5,Data!$B$20:$F$20,0)+1) -> 0 | I18: =IF(VLOOKUP($B$5,Data!$A$2:$K$6,3,FALSE())=0,0,H18/VLOOKUP($B$5,Data!$A$2:$K$6,3,FALSE())) -> 0 | J18: =IF(VLOOKUP($B$5,Data!$A$2:$K$6,2,FALSE())=0,0,H18/VLOOKUP($B$5,Data!$A$2:$K$6,2,FALSE())) -> 0
A19: July | B19: =INDEX(Data!$A$11:$M$15,MATCH($B$5,Data!$A$11:$A$15,0),8) -> 0 | C19: =IF(VLOOKUP($B$5,Data!$A$2:$K$6,3,FALSE())=0,0,B19/VLOOKUP($B$5,Data!$A$2:$K$6,3,FALSE())) -> 0 | D19: =IF(VLOOKUP($B$5,Data!$A$2:$K$6,2,FALSE())=0,0,B19/VLOOKUP($B$5,Data!$A$2:$K$6,2,FALSE())) -> 0 | E19: =E18+B19 -> 35 | G19: VP of Human Resources | H19: =INDEX(Data!$A$26:$F$26,1,MATCH($B$5,Data!$B$20:$F$20,0)+1) -> 0 | I19: =IF(VLOOKUP($B$5,Data!$A$2:$K$6,3,FALSE())=0,0,H19/VLOOKUP($B$5,Data!$A$2:$K$6,3,FALSE())) -> 0 | J19: =IF(VLOOKUP($B$5,Data!$A$2:$K$6,2,FALSE())=0,0,H19/VLOOKUP($B$5,Data!$A$2:$K$6,2,FALSE())) -> 0
A20: August | B20: =INDEX(Data!$A$11:$M$15,MATCH($B$5,Data!$A$11:$A$15,0),9) -> 0 | C20: =IF(VLOOKUP($B$5,Data!$A$2:$K$6,3,FALSE())=0,0,B20/VLOOKUP($B$5,Data!$A$2:$K$6,3,FALSE())) -> 0 | D20: =IF(VLOOKUP($B$5,Data!$A$2:$K$6,2,FALSE())=0,0,B20/VLOOKUP($B$5,Data!$A$2:$K$6,2,FALSE())) -> 0 | E20: =E19+B20 -> 35 | G20: VP of Employment Services | H20: =INDEX(Data!$A$27:$F$27,1,MATCH($B$5,Data!$B$20:$F$20,0)+1) -> 0 | I20: =IF(VLOOKUP($B$5,Data!$A$2:$K$6,3,FALSE())=0,0,H20/VLOOKUP($B$5,Data!$A$2:$K$6,3,FALSE())) -> 0 | J20: =IF(VLOOKUP($B$5,Data!$A$2:$K$6,2,FALSE())=0,0,H20/VLOOKUP($B$5,Data!$A$2:$K$6,2,FALSE())) -> 0
A21: September | B21: =INDEX(Data!$A$11:$M$15,MATCH($B$5,Data!$A$11:$A$15,0),10) -> 0 | C21: =IF(VLOOKUP($B$5,Data!$A$2:$K$6,3,FALSE())=0,0,B21/VLOOKUP($B$5,Data!$A$2:$K$6,3,FALSE())) -> 0 | D21: =IF(VLOOKUP($B$5,Data!$A$2:$K$6,2,FALSE())=0,0,B21/VLOOKUP($B$5,Data!$A$2:$K$6,2,FALSE())) -> 0 | E21: =E20+B21 -> 35 | G21: VP of Family Support | H21: =INDEX(Data!$A$28:$F$28,1,MATCH($B$5,Data!$B$20:$F$20,0)+1) -> 0 | I21: =IF(VLOOKUP($B$5,Data!$A$2:$K$6,3,FALSE())=0,0,H21/VLOOKUP($B$5,Data!$A$2:$K$6,3,FALSE())) -> 0 | J21: =IF(VLOOKUP($B$5,Data!$A$2:$K$6,2,FALSE())=0,0,H21/VLOOKUP($B$5,Data!$A$2:$K$6,2,FALSE())) -> 0
A22: October | B22: =INDEX(Data!$A$11:$M$15,MATCH($B$5,Data!$A$11:$A$15,0),11) -> 0 | C22: =IF(VLOOKUP($B$5,Data!$A$2:$K$6,3,FALSE())=0,0,B22/VLOOKUP($B$5,Data!$A$2:$K$6,3,FALSE())) -> 0 | D22: =IF(VLOOKUP($B$5,Data!$A$2:$K$6,2,FALSE())=0,0,B22/VLOOKUP($B$5,Data!$A$2:$K$6,2,FALSE())) -> 0 | E22: =E21+B22 -> 35 | G22: VP of Finance | H22: =INDEX(Data!$A$29:$F$29,1,MATCH($B$5,Data!$B$20:$F$20,0)+1) -> 1 | I22: =IF(VLOOKUP($B$5,Data!$A$2:$K$6,3,FALSE())=0,0,H22/VLOOKUP($B$5,Data!$A$2:$K$6,3,FALSE())) -> 0.028571429 | J22: =IF(VLOOKUP($B$5,Data!$A$2:$K$6,2,FALSE())=0,0,H22/VLOOKUP($B$5,Data!$A$2:$K$6,2,FALSE())) -> 0.0027322404
A23: November | B23: =INDEX(Data!$A$11:$M$15,MATCH($B$5,Data!$A$11:$A$15,0),12) -> 0 | C23: =IF(VLOOKUP($B$5,Data!$A$2:$K$6,3,FALSE())=0,0,B23/VLOOKUP($B$5,Data!$A$2:$K$6,3,FALSE())) -> 0 | D23: =IF(VLOOKUP($B$5,Data!$A$2:$K$6,2,FALSE())=0,0,B23/VLOOKUP($B$5,Data!$A$2:$K$6,2,FALSE())) -> 0 | E23: =E22+B23 -> 35 | G23: Director of Operations | H23: =INDEX(Data!$A$30:$F$30,1,MATCH($B$5,Data!$B$20:$F$20,0)+1) -> 0 | I23: =IF(VLOOKUP($B$5,Data!$A$2:$K$6,3,FALSE())=0,0,H23/VLOOKUP($B$5,Data!$A$2:$K$6,3,FALSE())) -> 0 | J23: =IF(VLOOKUP($B$5,Data!$A$2:$K$6,2,FALSE())=0,0,H23/VLOOKUP($B$5,Data!$A$2:$K$6,2,FALSE())) -> 0
A24: December | B24: =INDEX(Data!$A$11:$M$15,MATCH($B$5,Data!$A$11:$A$15,0),13) -> 0 | C24: =IF(VLOOKUP($B$5,Data!$A$2:$K$6,3,FALSE())=0,0,B24/VLOOKUP($B$5,Data!$A$2:$K$6,3,FALSE())) -> 0 | D24: =IF(VLOOKUP($B$5,Data!$A$2:$K$6,2,FALSE())=0,0,B24/VLOOKUP($B$5,Data!$A$2:$K$6,2,FALSE())) -> 0 | E24: =E23+B24 -> 35 | G24: Director of Children Services | H24: =INDEX(Data!$A$31:$F$31,1,MATCH($B$5,Data!$B$20:$F$20,0)+1) -> 0 | I24: =IF(VLOOKUP($B$5,Data!$A$2:$K$6,3,FALSE())=0,0,H24/VLOOKUP($B$5,Data!$A$2:$K$6,3,FALSE())) -> 0 | J24: =IF(VLOOKUP($B$5,Data!$A$2:$K$6,2,FALSE())=0,0,H24/VLOOKUP($B$5,Data!$A$2:$K$6,2,FALSE())) -> 0
G25: Director of Professional Services | H25: =INDEX(Data!$A$32:$F$32,1,MATCH($B$5,Data!$B$20:$F$20,0)+1) -> 0 | I25: =IF(VLOOKUP($B$5,Data!$A$2:$K$6,3,FALSE())=0,0,H25/VLOOKUP($B$5,Data!$A$2:$K$6,3,FALSE())) -> 0 | J25: =IF(VLOOKUP($B$5,Data!$A$2:$K$6,2,FALSE())=0,0,H25/VLOOKUP($B$5,Data!$A$2:$K$6,2,FALSE())) -> 0
A26: SEPARATIONS BY REASON | G26: Director of Behavioral Health | H26: =INDEX(Data!$A$33:$F$33,1,MATCH($B$5,Data!$B$20:$F$20,0)+1) -> 0 | I26: =IF(VLOOKUP($B$5,Data!$A$2:$K$6,3,FALSE())=0,0,H26/VLOOKUP($B$5,Data!$A$2:$K$6,3,FALSE())) -> 0 | J26: =IF(VLOOKUP($B$5,Data!$A$2:$K$6,2,FALSE())=0,0,H26/VLOOKUP($B$5,Data!$A$2:$K$6,2,FALSE())) -> 0
A27: Reason | B27: Count | C27: % of Total | D27: Category | G27: Director of Human Resources | H27: =INDEX(Data!$A$34:$F$34,1,MATCH($B$5,Data!$B$20:$F$20,0)+1) -> 0 | I27: =IF(VLOOKUP($B$5,Data!$A$2:$K$6,3,FALSE())=0,0,H27/VLOOKUP($B$5,Data!$A$2:$K$6,3,FALSE())) -> 0 | J27: =IF(VLOOKUP($B$5,Data!$A$2:$K$6,2,FALSE())=0,0,H27/VLOOKUP($B$5,Data!$A$2:$K$6,2,FALSE())) -> 0
A28: Resignation | B28: =INDEX(Data!$A$56:$G$56,1,MATCH($B$5,Data!$C$55:$G$55,0)+2) -> 15 | C28: =IF(VLOOKUP($B$5,Data!$A$2:$K$6,3,FALSE())=0,0,B28/VLOOKUP($B$5,Data!$A$2:$K$6,3,FALSE())) -> 0.42857143 | D28: Voluntary | G28: Director of Finance | H28: =INDEX(Data!$A$35:$F$35,1,MATCH($B$5,Data!$B$20:$F$20,0)+1) -> 0 | I28: =IF(VLOOKUP($B$5,Data!$A$2:$K$6,3,FALSE())=0,0,H28/VLOOKUP($B$5,Data!$A$2:$K$6,3,FALSE())) -> 0 | J28: =IF(VLOOKUP($B$5,Data!$A$2:$K$6,2,FALSE())=0,0,H28/VLOOKUP($B$5,Data!$A$2:$K$6,2,FALSE())) -> 0
A29: Better Opportunity | B29: =INDEX(Data!$A$57:$G$57,1,MATCH($B$5,Data!$C$55:$G$55,0)+2) -> 3 | C29: =IF(VLOOKUP($B$5,Data!$A$2:$K$6,3,FALSE())=0,0,B29/VLOOKUP($B$5,Data!$A$2:$K$6,3,FALSE())) -> 0.085714286 | D29: Voluntary | G29: Director of Employment Services | H29: =INDEX(Data!$A$36:$F$36,1,MATCH($B$5,Data!$B$20:$F$20,0)+1) -> 0 | I29: =IF(VLOOKUP($B$5,Data!$A$2:$K$6,3,FALSE())=0,0,H29/VLOOKUP($B$5,Data!$A$2:$K$6,3,FALSE())) -> 0 | J29: =IF(VLOOKUP($B$5,Data!$A$2:$K$6,2,FALSE())=0,0,H29/VLOOKUP($B$5,Data!$A$2:$K$6,2,FALSE())) -> 0
A30: Personal Reasons | B30: =INDEX(Data!$A$58:$G$58,1,MATCH($B$5,Data!$C$55:$G$55,0)+2) -> 3 | C30: =IF(VLOOKUP($B$5,Data!$A$2:$K$6,3,FALSE())=0,0,B30/VLOOKUP($B$5,Data!$A$2:$K$6,3,FALSE())) -> 0.085714286 | D30: Voluntary | G30: Director of Family Support | H30: =INDEX(Data!$A$37:$F$37,1,MATCH($B$5,Data!$B$20:$F$20,0)+1) -> 0 | I30: =IF(VLOOKUP($B$5,Data!$A$2:$K$6,3,FALSE())=0,0,H30/VLOOKUP($B$5,Data!$A$2:$K$6,3,FALSE())) -> 0 | J30: =IF(VLOOKUP($B$5,Data!$A$2:$K$6,2,FALSE())=0,0,H30/VLOOKUP($B$5,Data!$A$2:$K$6,2,FALSE())) -> 0
A31: Relocation | B31: =INDEX(Data!$A$59:$G$59,1,MATCH($B$5,Data!$C$55:$G$55,0)+2) -> 0 | C31: =IF(VLOOKUP($B$5,Data!$A$2:$K$6,3,FALSE())=0,0,B31/VLOOKUP($B$5,Data!$A$2:$K$6,3,FALSE())) -> 0 | D31: Voluntary | G31: Director of QA | H31: =INDEX(Data!$A$38:$F$38,1,MATCH($B$5,Data!$B$20:$F$20,0)+1) -> 0 | I31: =IF(VLOOKUP($B$5,Data!$A$2:$K$6,3,FALSE())=0,0,H31/VLOOKUP($B$5,Data!$A$2:$K$6,3,FALSE())) -> 0 | J31: =IF(VLOOKUP($B$5,Data!$A$2:$K$6,2,FALSE())=0,0,H31/VLOOKUP($B$5,Data!$A$2:$K$6,2,FALSE())) -> 0
A32: Retirement | B32: =INDEX(Data!$A$60:$G$60,1,MATCH($B$5,Data!$C$55:$G$55,0)+2) -> 0 | C32: =IF(VLOOKUP($B$5,Data!$A$2:$K$6,3,FALSE())=0,0,B32/VLOOKUP($B$5,Data!$A$2:$K$6,3,FALSE())) -> 0 | D32: Voluntary | G32: DIRECT CARE
A33: Termination | B33: =INDEX(Data!$A$61:$G$61,1,MATCH($B$5,Data!$C$55:$G$55,0)+2) -> 4 | C33: =IF(VLOOKUP($B$5,Data!$A$2:$K$6,3,FALSE())=0,0,B33/VLOOKUP($B$5,Data!$A$2:$K$6,3,FALSE())) -> 0.11428571 | D33: Involuntary | G33: DSP | H33: =INDEX(Data!$A$39:$F$39,1,MATCH($B$5,Data!$B$20:$F$20,0)+1) -> 25 | I33: =IF(VLOOKUP($B$5,Data!$A$2:$K$6,3,FALSE())=0,0,H33/VLOOKUP($B$5,Data!$A$2:$K$6,3,FALSE())) -> 0.71428571 | J33: =IF(VLOOKUP($B$5,Data!$A$2:$K$6,2,FALSE())=0,0,H33/VLOOKUP($B$5,Data!$A$2:$K$6,2,FALSE())) -> 0.068306011
A34: Layoff | B34: =INDEX(Data!$A$62:$G$62,1,MATCH($B$5,Data!$C$55:$G$55,0)+2) -> 0 | C34: =IF(VLOOKUP($B$5,Data!$A$2:$K$6,3,FALSE())=0,0,B34/VLOOKUP($B$5,Data!$A$2:$K$6,3,FALSE())) -> 0 | D34: Involuntary | G34: HM | H34: =INDEX(Data!$A$40:$F$40,1,MATCH($B$5,Data!$B$20:$F$20,0)+1) -> 3 | I34: =IF(VLOOKUP($B$5,Data!$A$2:$K$6,3,FALSE())=0,0,H34/VLOOKUP($B$5,Data!$A$2:$K$6,3,FALSE())) -> 0.085714286 | J34: =IF(VLOOKUP($B$5,Data!$A$2:$K$6,2,FALSE())=0,0,H34/VLOOKUP($B$5,Data!$A$2:$K$6,2,FALSE())) -> 0.0081967213
A35: Job Abandonment | B35: =INDEX(Data!$A$63:$G$63,1,MATCH($B$5,Data!$C$55:$G$55,0)+2) -> 1 | C35: =IF(VLOOKUP($B$5,Data!$A$2:$K$6,3,FALSE())=0,0,B35/VLOOKUP($B$5,Data!$A$2:$K$6,3,FALSE())) -> 0.028571429 | D35: Other | G35: RM | H35: =INDEX(Data!$A$41:$F$41,1,MATCH($B$5,Data!$B$20:$F$20,0)+1) -> 0 | I35: =IF(VLOOKUP($B$5,Data!$A$2:$K$6,3,FALSE())=0,0,H35/VLOOKUP($B$5,Data!$A$2:$K$6,3,FALSE())) -> 0 | J35: =IF(VLOOKUP($B$5,Data!$A$2:$K$6,2,FALSE())=0,0,H35/VLOOKUP($B$5,Data!$A$2:$K$6,2,FALSE())) -> 0
A36: End of Contract | B36: =INDEX(Data!$A$64:$G$64,1,MATCH($B$5,Data!$C$55:$G$55,0)+2) -> 0 | C36: =IF(VLOOKUP($B$5,Data!$A$2:$K$6,3,FALSE())=0,0,B36/VLOOKUP($B$5,Data!$A$2:$K$6,3,FALSE())) -> 0 | D36: Other | G36: CLINICAL / PROGRAM
A37: Other | B37: =INDEX(Data!$A$65:$G$65,1,MATCH($B$5,Data!$C$55:$G$55,0)+2) -> 2 | C37: =IF(VLOOKUP($B$5,Data!$A$2:$K$6,3,FALSE())=0,0,B37/VLOOKUP($B$5,Data!$A$2:$K$6,3,FALSE())) -> 0.057142857 | D37: Other | G37: CM | H37: =INDEX(Data!$A$42:$F$42,1,MATCH($B$5,Data!$B$20:$F$20,0)+1) -> 1 | I37: =IF(VLOOKUP($B$5,Data!$A$2:$K$6,3,FALSE())=0,0,H37/VLOOKUP($B$5,Data!$A$2:$K$6,3,FALSE())) -> 0.028571429 | J37: =IF(VLOOKUP($B$5,Data!$A$2:$K$6,2,FALSE())=0,0,H37/VLOOKUP($B$5,Data!$A$2:$K$6,2,FALSE())) -> 0.0027322404
A38: Performance Issues | B38: =INDEX(Data!$A$66:$G$66,1,MATCH($B$5,Data!$C$55:$G$55,0)+2) -> 1 | C38: =IF(VLOOKUP($B$5,Data!$A$2:$K$6,3,FALSE())=0,0,B38/VLOOKUP($B$5,Data!$A$2:$K$6,3,FALSE())) -> 0.028571429 | D38: Other | G38: EI | H38: =INDEX(Data!$A$43:$F$43,1,MATCH($B$5,Data!$B$20:$F$20,0)+1) -> 0 | I38: =IF(VLOOKUP($B$5,Data!$A$2:$K$6,3,FALSE())=0,0,H38/VLOOKUP($B$5,Data!$A$2:$K$6,3,FALSE())) -> 0 | J38: =IF(VLOOKUP($B$5,Data!$A$2:$K$6,2,FALSE())=0,0,H38/VLOOKUP($B$5,Data!$A$2:$K$6,2,FALSE())) -> 0
A39: Attendance Issues | B39: =INDEX(Data!$A$67:$G$67,1,MATCH($B$5,Data!$C$55:$G$55,0)+2) -> 1 | C39: =IF(VLOOKUP($B$5,Data!$A$2:$K$6,3,FALSE())=0,0,B39/VLOOKUP($B$5,Data!$A$2:$K$6,3,FALSE())) -> 0.028571429 | D39: Other | G39: Family Support | H39: =INDEX(Data!$A$44:$F$44,1,MATCH($B$5,Data!$B$20:$F$20,0)+1) -> 0 | I39: =IF(VLOOKUP($B$5,Data!$A$2:$K$6,3,FALSE())=0,0,H39/VLOOKUP($B$5,Data!$A$2:$K$6,3,FALSE())) -> 0 | J39: =IF(VLOOKUP($B$5,Data!$A$2:$K$6,2,FALSE())=0,0,H39/VLOOKUP($B$5,Data!$A$2:$K$6,2,FALSE())) -> 0
G40: EDUCATION
B41: Voluntary | C41: =VLOOKUP($B$5,Data!$A$2:$K$6,6,FALSE()) -> 21 | D41: =IF(VLOOKUP($B$5,Data!$A$2:$K$6,3,FALSE())=0,0,C41/VLOOKUP($B$5,Data!$A$2:$K$6,3,FALSE())) -> 0.6 | G41: Teacher | H41: =INDEX(Data!$A$45:$F$45,1,MATCH($B$5,Data!$B$20:$F$20,0)+1) -> 0 | I41: =IF(VLOOKUP($B$5,Data!$A$2:$K$6,3,FALSE())=0,0,H41/VLOOKUP($B$5,Data!$A$2:$K$6,3,FALSE())) -> 0 | J41: =IF(VLOOKUP($B$5,Data!$A$2:$K$6,2,FALSE())=0,0,H41/VLOOKUP($B$5,Data!$A$2:$K$6,2,FALSE())) -> 0
B42: Involuntary | C42: =VLOOKUP($B$5,Data!$A$2:$K$6,7,FALSE()) -> 4 | D42: =IF(VLOOKUP($B$5,Data!$A$2:$K$6,3,FALSE())=0,0,C42/VLOOKUP($B$5,Data!$A$2:$K$6,3,FALSE())) -> 0.11428571 | G42: Assistant Teacher | H42: =INDEX(Data!$A$46:$F$46,1,MATCH($B$5,Data!$B$20:$F$20,0)+1) -> 0 | I42: =IF(VLOOKUP($B$5,Data!$A$2:$K$6,3,FALSE())=0,0,H42/VLOOKUP($B$5,Data!$A$2:$K$6,3,FALSE())) -> 0 | J42: =IF(VLOOKUP($B$5,Data!$A$2:$K$6,2,FALSE())=0,0,H42/VLOOKUP($B$5,Data!$A$2:$K$6,2,FALSE())) -> 0
B43: Other | C43: =VLOOKUP($B$5,Data!$A$2:$K$6,8,FALSE()) -> 10 | D43: =IF(VLOOKUP($B$5,Data!$A$2:$K$6,3,FALSE())=0,0,C43/VLOOKUP($B$5,Data!$A$2:$K$6,3,FALSE())) -> 0.28571429 | G43: SUPPORT
G44: Sub/Floater | H44: =INDEX(Data!$A$47:$F$47,1,MATCH($B$5,Data!$B$20:$F$20,0)+1) -> 1 | I44: =IF(VLOOKUP($B$5,Data!$A$2:$K$6,3,FALSE())=0,0,H44/VLOOKUP($B$5,Data!$A$2:$K$6,3,FALSE())) -> 0.028571429 | J44: =IF(VLOOKUP($B$5,Data!$A$2:$K$6,2,FALSE())=0,0,H44/VLOOKUP($B$5,Data!$A$2:$K$6,2,FALSE())) -> 0.0027322404
G45: Job Coach/WI | H45: =INDEX(Data!$A$48:$F$48,1,MATCH($B$5,Data!$B$20:$F$20,0)+1) -> 0 | I45: =IF(VLOOKUP($B$5,Data!$A$2:$K$6,3,FALSE())=0,0,H45/VLOOKUP($B$5,Data!$A$2:$K$6,3,FALSE())) -> 0 | J45: =IF(VLOOKUP($B$5,Data!$A$2:$K$6,2,FALSE())=0,0,H45/VLOOKUP($B$5,Data!$A$2:$K$6,2,FALSE())) -> 0
A46: ADDITIONAL STATISTICS | G46: ADMINISTRATIVE
G47: Finance | H47: =INDEX(Data!$A$49:$F$49,1,MATCH($B$5,Data!$B$20:$F$20,0)+1) -> 0 | I47: =IF(VLOOKUP($B$5,Data!$A$2:$K$6,3,FALSE())=0,0,H47/VLOOKUP($B$5,Data!$A$2:$K$6,3,FALSE())) -> 0 | J47: =IF(VLOOKUP($B$5,Data!$A$2:$K$6,2,FALSE())=0,0,H47/VLOOKUP($B$5,Data!$A$2:$K$6,2,FALSE())) -> 0
A48: Eligible for Rehire Rate: | C48: =VLOOKUP($B$5,Data!$A$2:$K$6,10,FALSE()) -> 0.43333333 | G48: HR | H48: =INDEX(Data!$A$50:$F$50,1,MATCH($B$5,Data!$B$20:$F$20,0)+1) -> 0 | I48: =IF(VLOOKUP($B$5,Data!$A$2:$K$6,3,FALSE())=0,0,H48/VLOOKUP($B$5,Data!$A$2:$K$6,3,FALSE())) -> 0 | J48: =IF(VLOOKUP($B$5,Data!$A$2:$K$6,2,FALSE())=0,0,H48/VLOOKUP($B$5,Data!$A$2:$K$6,2,FALSE())) -> 0
A49: Exit Interview Completion Rate: | C49: =VLOOKUP($B$5,Data!$A$2:$K$6,11,FALSE()) -> 0.057142857 | G49: QA | H49: =INDEX(Data!$A$51:$F$51,1,MATCH($B$5,Data!$B$20:$F$20,0)+1) -> 1 | I49: =IF(VLOOKUP($B$5,Data!$A$2:$K$6,3,FALSE())=0,0,H49/VLOOKUP($B$5,Data!$A$2:$K$6,3,FALSE())) -> 0.028571429 | J49: =IF(VLOOKUP($B$5,Data!$A$2:$K$6,2,FALSE())=0,0,H49/VLOOKUP($B$5,Data!$A$2:$K$6,2,FALSE())) -> 0.0027322404
A50: Rolling 12-month Turnover: | C50: =IFERROR((SUMPRODUCT((ISNUMBER('FY 2023 (Jan23-Dec23)'!$B$9:$B$412))*(('FY 2023 (Jan23-Dec23)'!$B$9:$B$412>=TODAY()-365)*('FY 2023 (Jan23-Dec23)'!$B$9:$B$412<=TODAY())))+SUMPRODUCT((ISNUMBER('FY 2024 (Jan24-Dec24)'!$B$9:$B$412))*(('FY 2024 (Jan24-Dec24)'!$B$9:$B$412>=TODAY()-365)*('FY 2024 (Jan24-Dec24)'!$B$9:$B$412<=TODAY())))+SUMPRODUCT((ISNUMBER('FY 2025 (Jan25-Dec25)'!$B$9:$B$412))*(('FY 2025 (Jan25-Dec25)'!$B$9:$B$412>=TODAY()-365)*('FY 2025 (Jan25-Dec25)'!$B$9:$B$412<=TODAY())))+SUMPRODUCT((ISNUMBER('FY 2026 (Jan26-Dec26)'!$B$9:$B$412))*(('FY 2026 (Jan26-Dec26)'!$B$9:$B$412>=TODAY()-365)*('FY 2026 (Jan26-Dec26)'!$B$9:$B$412<=TODAY())))+SUMPRODUCT((ISNUMBER('FY 2027 (Jan27-Dec27)'!$B$9:$B$412))*(('FY 2027 (Jan27-Dec27)'!$B$9:$B$412>=TODAY()-365)*('FY 2027 (Jan27-Dec27)'!$B$9:$B$412<=TODAY()))))/VLOOKUP($B$5,Data!$A$2:$K$6,2,FALSE),0) | G50: OTHER
A51: Avg Tenure at Separation: | C51: =IFERROR(IF(SUMPRODUCT((INDIRECT("'"&$B$5&" (Jan"&RIGHT($B$5,2)&"-Dec"&RIGHT($B$5,2)&")'!B9:B412")<>"")*(INDIRECT("'"&$B$5&" (Jan"&RIGHT($B$5,2)&"-Dec"&RIGHT($B$5,2)&")'!C9:C412")<>""))=0,"N/A (no DOH data)",(SUMPRODUCT((INDIRECT("'"&$B$5&" (Jan"&RIGHT($B$5,2)&"-Dec"&RIGHT($B$5,2)&")'!B9:B412")<>"")*(INDIRECT("'"&$B$5&" (Jan"&RIGHT($B$5,2)&"-Dec"&RIGHT($B$5,2)&")'!C9:C412")<>"")*(INDIRECT("'"&$B$5&" (Jan"&RIGHT($B$5,2)&"-Dec"&RIGHT($B$5,2)&")'!B9:B412")-INDIRECT("'"&$B$5&" (Jan"&RIGHT($B$5,2)&"-Dec"&RIGHT($B$5,2)&")'!C9:C412"))))/SUMPRODUCT((INDIRECT("'"&$B$5&" (Jan"&RIGHT($B$5,2)&"-Dec"&RIGHT($B$5,2)&")'!B9:B412")<>"")*(INDIRECT("'"&$B$5&" (Jan"&RIGHT($B$5,2)&"-Dec"&RIGHT($B$5,2)&")'!C9:C412")<>""))/365.25),"N/A (no DOH data)") | G51: Other | H51: =INDEX(Data!$A$52:$F$52,1,MATCH($B$5,Data!$B$20:$F$20,0)+1) -> 2 | I51: =IF(VLOOKUP($B$5,Data!$A$2:$K$6,3,FALSE())=0,0,H51/VLOOKUP($B$5,Data!$A$2:$K$6,3,FALSE())) -> 0.057142857 | J51: =IF(VLOOKUP($B$5,Data!$A$2:$K$6,2,FALSE())=0,0,H51/VLOOKUP($B$5,Data!$A$2:$K$6,2,FALSE())) -> 0.0054644809
A53: ▼ MULTI-YEAR COMPARISON & TRENDS | D53: Calendar Year & EVC Fiscal Year
A54: CALENDAR YEAR COMPARISON (January 1 — December 31)
A55: Fiscal Year | B55: Active Emp | C55: Total Sep | D55: TOR % | E55: Avg Monthly | F55: Vol | G55: Involuntary | H55: Vol % | I55: YoY Change
A56: FY 2023 | B56: =Data!B76 -> 339 | C56: =Data!C76 -> 62 | D56: =Data!D76 -> 0.18289086 | E56: =Data!E76 -> 10.333333 | F56: =Data!F76 -> 36 | G56: =Data!G76 -> 4 | H56: =Data!H76 -> 0.58064516 | I56: =Data!I76 -> N/A
A57: FY 2024 | B57: =Data!B77 -> 339 | C57: =Data!C77 -> 158 | D57: =Data!D77 -> 0.4660767 | E57: =Data!E77 -> 13.166667 | F57: =Data!F77 -> 87 | G57: =Data!G77 -> 13 | H57: =Data!H77 -> 0.55063291 | I57: =Data!I77 -> 0.28318584
A58: FY 2025 | B58: =Data!B78 -> 346 | C58: =Data!C78 -> 138 | D58: =Data!D78 -> 0.39884393 | E58: =Data!E78 -> 11.5 | F58: =Data!F78 -> 98 | G58: =Data!G78 -> 5 | H58: =Data!H78 -> 0.71014493 | I58: =Data!I78 -> -0.067232766
A59: FY 2026 | B59: =Data!B79 -> 366 | C59: =Data!C79 -> 35 | D59: =Data!D79 -> 0.095628415 | E59: =Data!E79 -> 8.75 | F59: =Data!F79 -> 21 | G59: =Data!G79 -> 4 | H59: =Data!H79 -> 0.6 | I59: =Data!I79 -> -0.30321552
A60: FY 2027 | B60: =Data!B80 -> 364 | C60: =Data!C80 -> 0 | D60: =Data!D80 -> 0 | E60: =Data!E80 -> 0 | F60: =Data!F80 -> 0 | G60: =Data!G80 -> 0 | H60: =Data!H80 -> 0 | I60: =Data!I80 -> -0.095628415
A62: 5-YEAR AVERAGE | B62: =AVERAGE(B56:B60) -> 350.8 | C62: =AVERAGE(C56:C60) -> 78.6 | D62: =AVERAGE(D56:D60) -> 0.22868798 | E62: =AVERAGE(E56:E60) -> 8.75 | H62: =AVERAGE(H56:H60) -> 0.4882846
A65: EVC FISCAL YEAR COMPARISON (July 1 — June 30)
A66: Fiscal Year | B66: Active Emp | C66: Total Sep | D66: TOR % | E66: Avg Monthly | F66: Vol | G66: Involuntary | H66: Vol % | I66: YoY Change
A67: FY EVC 2024 | B67: =Data!B111 -> 339 | C67: =Data!C111 -> 153 | D67: =Data!D111 -> 0.45132743 | E67: =Data!E111 -> 12.75 | F67: =Data!F111 -> 83 | G67: =Data!G111 -> 13 | H67: =Data!I111 -> 0.54248366 | I67: N/A
A68: FY EVC 2025 | B68: =Data!B112 -> 339 | C68: =Data!C112 -> 136 | D68: =Data!D112 -> 0.40117994 | E68: =Data!E112 -> 11.333333 | F68: =Data!F112 -> 81 | G68: =Data!G112 -> 9 | H68: =Data!I112 -> 0.59558824 | I68: =D68-D67 -> -0.050147493
A69: FY EVC 2026 | B69: =Data!B113 -> 346 | C69: =Data!C113 -> 99 | D69: =Data!D113 -> 0.28612717 | E69: =Data!E113 -> 8.25 | F69: =Data!F113 -> 78 | G69: =Data!G113 -> 4 | H69: =Data!I113 -> 0.78787879 | I69: =D69-D68 -> -0.11505277
A70: FY EVC 2027 | B70: =Data!B114 -> 364 | C70: =Data!C114 -> 0 | D70: =Data!D114 -> 0 | E70: =Data!E114 -> 0 | F70: =Data!F114 -> 0 | G70: =Data!G114 -> 0 | H70: =Data!I114 -> 0 | I70: =D70-D69 -> -0.28612717
A72: EVC FISCAL YEAR MONTHLY SEPARATIONS
A73: Month | B73: Separations | C73: % of YTD | D73: TOR % | E73: Cumulative
A74: July | B74: =INDEX(Data!$A$88:$N$91,MATCH($G$5,Data!$A$88:$A$91,0),2) -> 16 | C74: =IF(INDEX(Data!$A$111:$J$114,MATCH($G$5,Data!$A$111:$A$114,0),3)=0,0,B74/INDEX(Data!$A$111:$J$114,MATCH($G$5,Data!$A$111:$A$114,0),3)) -> 0.16161616 | D74: =IF(INDEX(Data!$A$111:$J$114,MATCH($G$5,Data!$A$111:$A$114,0),2)=0,0,B74/INDEX(Data!$A$111:$J$114,MATCH($G$5,Data!$A$111:$A$114,0),2)) -> 0.046242775 | E74: =B74 -> 16
A75: August | B75: =INDEX(Data!$A$88:$N$91,MATCH($G$5,Data!$A$88:$A$91,0),3) -> 14 | C75: =IF(INDEX(Data!$A$111:$J$114,MATCH($G$5,Data!$A$111:$A$114,0),3)=0,0,B75/INDEX(Data!$A$111:$J$114,MATCH($G$5,Data!$A$111:$A$114,0),3)) -> 0.14141414 | D75: =IF(INDEX(Data!$A$111:$J$114,MATCH($G$5,Data!$A$111:$A$114,0),2)=0,0,B75/INDEX(Data!$A$111:$J$114,MATCH($G$5,Data!$A$111:$A$114,0),2)) -> 0.040462428 | E75: =E74+B75 -> 30
A76: September | B76: =INDEX(Data!$A$88:$N$91,MATCH($G$5,Data!$A$88:$A$91,0),4) -> 12 | C76: =IF(INDEX(Data!$A$111:$J$114,MATCH($G$5,Data!$A$111:$A$114,0),3)=0,0,B76/INDEX(Data!$A$111:$J$114,MATCH($G$5,Data!$A$111:$A$114,0),3)) -> 0.12121212 | D76: =IF(INDEX(Data!$A$111:$J$114,MATCH($G$5,Data!$A$111:$A$114,0),2)=0,0,B76/INDEX(Data!$A$111:$J$114,MATCH($G$5,Data!$A$111:$A$114,0),2)) -> 0.034682081 | E76: =E75+B76 -> 42
A77: October | B77: =INDEX(Data!$A$88:$N$91,MATCH($G$5,Data!$A$88:$A$91,0),5) -> 13 | C77: =IF(INDEX(Data!$A$111:$J$114,MATCH($G$5,Data!$A$111:$A$114,0),3)=0,0,B77/INDEX(Data!$A$111:$J$114,MATCH($G$5,Data!$A$111:$A$114,0),3)) -> 0.13131313 | D77: =IF(INDEX(Data!$A$111:$J$114,MATCH($G$5,Data!$A$111:$A$114,0),2)=0,0,B77/INDEX(Data!$A$111:$J$114,MATCH($G$5,Data!$A$111:$A$114,0),2)) -> 0.037572254 | E77: =E76+B77 -> 55
A78: November | B78: =INDEX(Data!$A$88:$N$91,MATCH($G$5,Data!$A$88:$A$91,0),6) -> 9 | C78: =IF(INDEX(Data!$A$111:$J$114,MATCH($G$5,Data!$A$111:$A$114,0),3)=0,0,B78/INDEX(Data!$A$111:$J$114,MATCH($G$5,Data!$A$111:$A$114,0),3)) -> 0.090909091 | D78: =IF(INDEX(Data!$A$111:$J$114,MATCH($G$5,Data!$A$111:$A$114,0),2)=0,0,B78/INDEX(Data!$A$111:$J$114,MATCH($G$5,Data!$A$111:$A$114,0),2)) -> 0.026011561 | E78: =E77+B78 -> 64
A79: December | B79: =INDEX(Data!$A$88:$N$91,MATCH($G$5,Data!$A$88:$A$91,0),7) -> 5 | C79: =IF(INDEX(Data!$A$111:$J$114,MATCH($G$5,Data!$A$111:$A$114,0),3)=0,0,B79/INDEX(Data!$A$111:$J$114,MATCH($G$5,Data!$A$111:$A$114,0),3)) -> 0.050505051 | D79: =IF(INDEX(Data!$A$111:$J$114,MATCH($G$5,Data!$A$111:$A$114,0),2)=0,0,B79/INDEX(Data!$A$111:$J$114,MATCH($G$5,Data!$A$111:$A$114,0),2)) -> 0.014450867 | E79: =E78+B79 -> 69
A80: January | B80: =INDEX(Data!$A$88:$N$91,MATCH($G$5,Data!$A$88:$A$91,0),8) -> 8 | C80: =IF(INDEX(Data!$A$111:$J$114,MATCH($G$5,Data!$A$111:$A$114,0),3)=0,0,B80/INDEX(Data!$A$111:$J$114,MATCH($G$5,Data!$A$111:$A$114,0),3)) -> 0.080808081 | D80: =IF(INDEX(Data!$A$111:$J$114,MATCH($G$5,Data!$A$111:$A$114,0),2)=0,0,B80/INDEX(Data!$A$111:$J$114,MATCH($G$5,Data!$A$111:$A$114,0),2)) -> 0.023121387 | E80: =E79+B80 -> 77
A81: February | B81: =INDEX(Data!$A$88:$N$91,MATCH($G$5,Data!$A$88:$A$91,0),9) -> 10 | C81: =IF(INDEX(Data!$A$111:$J$114,MATCH($G$5,Data!$A$111:$A$114,0),3)=0,0,B81/INDEX(Data!$A$111:$J$114,MATCH($G$5,Data!$A$111:$A$114,0),3)) -> 0.1010101 | D81: =IF(INDEX(Data!$A$111:$J$114,MATCH($G$5,Data!$A$111:$A$114,0),2)=0,0,B81/INDEX(Data!$A$111:$J$114,MATCH($G$5,Data!$A$111:$A$114,0),2)) -> 0.028901734 | E81: =E80+B81 -> 87
A82: March | B82: =INDEX(Data!$A$88:$N$91,MATCH($G$5,Data!$A$88:$A$91,0),10) -> 10 | C82: =IF(INDEX(Data!$A$111:$J$114,MATCH($G$5,Data!$A$111:$A$114,0),3)=0,0,B82/INDEX(Data!$A$111:$J$114,MATCH($G$5,Data!$A$111:$A$114,0),3)) -> 0.1010101 | D82: =IF(INDEX(Data!$A$111:$J$114,MATCH($G$5,Data!$A$111:$A$114,0),2)=0,0,B82/INDEX(Data!$A$111:$J$114,MATCH($G$5,Data!$A$111:$A$114,0),2)) -> 0.028901734 | E82: =E81+B82 -> 97
A83: April | B83: =INDEX(Data!$A$88:$N$91,MATCH($G$5,Data!$A$88:$A$91,0),11) -> 2 | C83: =IF(INDEX(Data!$A$111:$J$114,MATCH($G$5,Data!$A$111:$A$114,0),3)=0,0,B83/INDEX(Data!$A$111:$J$114,MATCH($G$5,Data!$A$111:$A$114,0),3)) -> 0.02020202 | D83: =IF(INDEX(Data!$A$111:$J$114,MATCH($G$5,Data!$A$111:$A$114,0),2)=0,0,B83/INDEX(Data!$A$111:$J$114,MATCH($G$5,Data!$A$111:$A$114,0),2)) -> 0.0057803468 | E83: =E82+B83 -> 99
A84: May | B84: =INDEX(Data!$A$88:$N$91,MATCH($G$5,Data!$A$88:$A$91,0),12) -> 0 | C84: =IF(INDEX(Data!$A$111:$J$114,MATCH($G$5,Data!$A$111:$A$114,0),3)=0,0,B84/INDEX(Data!$A$111:$J$114,MATCH($G$5,Data!$A$111:$A$114,0),3)) -> 0 | D84: =IF(INDEX(Data!$A$111:$J$114,MATCH($G$5,Data!$A$111:$A$114,0),2)=0,0,B84/INDEX(Data!$A$111:$J$114,MATCH($G$5,Data!$A$111:$A$114,0),2)) -> 0 | E84: =E83+B84 -> 99
A85: June | B85: =INDEX(Data!$A$88:$N$91,MATCH($G$5,Data!$A$88:$A$91,0),13) -> 0 | C85: =IF(INDEX(Data!$A$111:$J$114,MATCH($G$5,Data!$A$111:$A$114,0),3)=0,0,B85/INDEX(Data!$A$111:$J$114,MATCH($G$5,Data!$A$111:$A$114,0),3)) -> 0 | D85: =IF(INDEX(Data!$A$111:$J$114,MATCH($G$5,Data!$A$111:$A$114,0),2)=0,0,B85/INDEX(Data!$A$111:$J$114,MATCH($G$5,Data!$A$111:$A$114,0),2)) -> 0 | E85: =E84+B85 -> 99
A87: EVC FISCAL YEAR SNAPSHOT
A88: TOTAL SEPARATIONS | C88: TURNOVER RATE | E88: VOLUNTARY % | G88: AVG MONTHLY | I88: REHIRE RATE
A89: =INDEX(Data!$A$111:$J$114,MATCH($G$5,Data!$A$111:$A$114,0),3) -> 99 | C89: =INDEX(Data!$A$111:$J$114,MATCH($G$5,Data!$A$111:$A$114,0),4) -> 0.28612717 | E89: =INDEX(Data!$A$111:$J$114,MATCH($G$5,Data!$A$111:$A$114,0),9) -> 0.78787879 | G89: =INDEX(Data!$A$111:$J$114,MATCH($G$5,Data!$A$111:$A$114,0),5) -> 8.25 | I89: =INDEX(Data!$A$111:$J$114,MATCH($G$5,Data!$A$111:$A$114,0),10) -> 0.30612245
A90: =INDEX(Data!$A$111:$J$114,MATCH($G$5,Data!$A$111:$A$114,0),6)&" voluntary / "&INDEX(Data!$A$111:$J$114,MATCH($G$5,Data!$A$111:$A$114,0),7)&" involuntary" -> 78 voluntary / 4 involuntary | E90: ="Active employees: "&INDEX(Data!$A$111:$J$114,MATCH($G$5,Data!$A$111:$A$114,0),2) -> Active employees: 346 | G90: ="Avg "&TEXT(INDEX(Data!$A$111:$J$114,MATCH($G$5,Data!$A$111:$A$114,0),5),"0.0")&"/month" -> Avg 8.3/month
A93: EVC FY: SEPARATIONS BY JOB | F93: EVC FY: SEPARATIONS BY REASON
A94: Job Title | B94: Count | C94: % of Total | D94: TOR % | F94: Reason | G94: Count | H94: % of Total | I94: Category
A95: LEADERSHIP | F95: Resignation | G95: =INDEX(Data!$A$176:$G$187,MATCH(F95,Data!$A$176:$A$187,0),MATCH($G$5,Data!$C$175:$F$175,0)+2) -> 64 | H95: =IF(INDEX(Data!$A$111:$J$114,MATCH($G$5,Data!$A$111:$A$114,0),3)=0,0,G95/INDEX(Data!$A$111:$J$114,MATCH($G$5,Data!$A$111:$A$114,0),3)) -> 0.64646465 | I95: Voluntary
A96: =Data!A136 -> President | B96: =INDEX(Data!$A$136:$F$167,MATCH(A96,Data!$A$136:$A$167,0),MATCH($G$5,Data!$B$135:$E$135,0)+1) -> 0 | C96: =IF(INDEX(Data!$A$111:$J$114,MATCH($G$5,Data!$A$111:$A$114,0),3)=0,0,B96/INDEX(Data!$A$111:$J$114,MATCH($G$5,Data!$A$111:$A$114,0),3)) -> 0 | D96: =IF(INDEX(Data!$A$111:$J$114,MATCH($G$5,Data!$A$111:$A$114,0),2)=0,0,B96/INDEX(Data!$A$111:$J$114,MATCH($G$5,Data!$A$111:$A$114,0),2)) -> 0 | F96: Better Opportunity | G96: =INDEX(Data!$A$176:$G$187,MATCH(F96,Data!$A$176:$A$187,0),MATCH($G$5,Data!$C$175:$F$175,0)+2) -> 6 | H96: =IF(INDEX(Data!$A$111:$J$114,MATCH($G$5,Data!$A$111:$A$114,0),3)=0,0,G96/INDEX(Data!$A$111:$J$114,MATCH($G$5,Data!$A$111:$A$114,0),3)) -> 0.060606061 | I96: Voluntary
A97: =Data!A137 -> VP of Operations | B97: =INDEX(Data!$A$136:$F$167,MATCH(A97,Data!$A$136:$A$167,0),MATCH($G$5,Data!$B$135:$E$135,0)+1) -> 0 | C97: =IF(INDEX(Data!$A$111:$J$114,MATCH($G$5,Data!$A$111:$A$114,0),3)=0,0,B97/INDEX(Data!$A$111:$J$114,MATCH($G$5,Data!$A$111:$A$114,0),3)) -> 0 | D97: =IF(INDEX(Data!$A$111:$J$114,MATCH($G$5,Data!$A$111:$A$114,0),2)=0,0,B97/INDEX(Data!$A$111:$J$114,MATCH($G$5,Data!$A$111:$A$114,0),2)) -> 0 | F97: Personal Reasons | G97: =INDEX(Data!$A$176:$G$187,MATCH(F97,Data!$A$176:$A$187,0),MATCH($G$5,Data!$C$175:$F$175,0)+2) -> 7 | H97: =IF(INDEX(Data!$A$111:$J$114,MATCH($G$5,Data!$A$111:$A$114,0),3)=0,0,G97/INDEX(Data!$A$111:$J$114,MATCH($G$5,Data!$A$111:$A$114,0),3)) -> 0.070707071 | I97: Voluntary
A98: =Data!A138 -> VP of Children Services | B98: =INDEX(Data!$A$136:$F$167,MATCH(A98,Data!$A$136:$A$167,0),MATCH($G$5,Data!$B$135:$E$135,0)+1) -> 0 | C98: =IF(INDEX(Data!$A$111:$J$114,MATCH($G$5,Data!$A$111:$A$114,0),3)=0,0,B98/INDEX(Data!$A$111:$J$114,MATCH($G$5,Data!$A$111:$A$114,0),3)) -> 0 | D98: =IF(INDEX(Data!$A$111:$J$114,MATCH($G$5,Data!$A$111:$A$114,0),2)=0,0,B98/INDEX(Data!$A$111:$J$114,MATCH($G$5,Data!$A$111:$A$114,0),2)) -> 0 | F98: Relocation | G98: =INDEX(Data!$A$176:$G$187,MATCH(F98,Data!$A$176:$A$187,0),MATCH($G$5,Data!$C$175:$F$175,0)+2) -> 1 | H98: =IF(INDEX(Data!$A$111:$J$114,MATCH($G$5,Data!$A$111:$A$114,0),3)=0,0,G98/INDEX(Data!$A$111:$J$114,MATCH($G$5,Data!$A$111:$A$114,0),3)) -> 0.01010101 | I98: Voluntary
A99: =Data!A139 -> VP of Professional Services | B99: =INDEX(Data!$A$136:$F$167,MATCH(A99,Data!$A$136:$A$167,0),MATCH($G$5,Data!$B$135:$E$135,0)+1) -> 0 | C99: =IF(INDEX(Data!$A$111:$J$114,MATCH($G$5,Data!$A$111:$A$114,0),3)=0,0,B99/INDEX(Data!$A$111:$J$114,MATCH($G$5,Data!$A$111:$A$114,0),3)) -> 0 | D99: =IF(INDEX(Data!$A$111:$J$114,MATCH($G$5,Data!$A$111:$A$114,0),2)=0,0,B99/INDEX(Data!$A$111:$J$114,MATCH($G$5,Data!$A$111:$A$114,0),2)) -> 0 | F99: Retirement | G99: =INDEX(Data!$A$176:$G$187,MATCH(F99,Data!$A$176:$A$187,0),MATCH($G$5,Data!$C$175:$F$175,0)+2) -> 0 | H99: =IF(INDEX(Data!$A$111:$J$114,MATCH($G$5,Data!$A$111:$A$114,0),3)=0,0,G99/INDEX(Data!$A$111:$J$114,MATCH($G$5,Data!$A$111:$A$114,0),3)) -> 0 | I99: Voluntary
A100: =Data!A140 -> VP of Behavioral Health | B100: =INDEX(Data!$A$136:$F$167,MATCH(A100,Data!$A$136:$A$167,0),MATCH($G$5,Data!$B$135:$E$135,0)+1) -> 0 | C100: =IF(INDEX(Data!$A$111:$J$114,MATCH($G$5,Data!$A$111:$A$114,0),3)=0,0,B100/INDEX(Data!$A$111:$J$114,MATCH($G$5,Data!$A$111:$A$114,0),3)) -> 0 | D100: =IF(INDEX(Data!$A$111:$J$114,MATCH($G$5,Data!$A$111:$A$114,0),2)=0,0,B100/INDEX(Data!$A$111:$J$114,MATCH($G$5,Data!$A$111:$A$114,0),2)) -> 0 | F100: Termination | G100: =INDEX(Data!$A$176:$G$187,MATCH(F100,Data!$A$176:$A$187,0),MATCH($G$5,Data!$C$175:$F$175,0)+2) -> 4 | H100: =IF(INDEX(Data!$A$111:$J$114,MATCH($G$5,Data!$A$111:$A$114,0),3)=0,0,G100/INDEX(Data!$A$111:$J$114,MATCH($G$5,Data!$A$111:$A$114,0),3)) -> 0.04040404 | I100: Involuntary
A101: =Data!A141 -> VP of Human Resources | B101: =INDEX(Data!$A$136:$F$167,MATCH(A101,Data!$A$136:$A$167,0),MATCH($G$5,Data!$B$135:$E$135,0)+1) -> 0 | C101: =IF(INDEX(Data!$A$111:$J$114,MATCH($G$5,Data!$A$111:$A$114,0),3)=0,0,B101/INDEX(Data!$A$111:$J$114,MATCH($G$5,Data!$A$111:$A$114,0),3)) -> 0 | D101: =IF(INDEX(Data!$A$111:$J$114,MATCH($G$5,Data!$A$111:$A$114,0),2)=0,0,B101/INDEX(Data!$A$111:$J$114,MATCH($G$5,Data!$A$111:$A$114,0),2)) -> 0 | F101: Layoff | G101: =INDEX(Data!$A$176:$G$187,MATCH(F101,Data!$A$176:$A$187,0),MATCH($G$5,Data!$C$175:$F$175,0)+2) -> 0 | H101: =IF(INDEX(Data!$A$111:$J$114,MATCH($G$5,Data!$A$111:$A$114,0),3)=0,0,G101/INDEX(Data!$A$111:$J$114,MATCH($G$5,Data!$A$111:$A$114,0),3)) -> 0 | I101: Involuntary
A102: =Data!A142 -> VP of Employment Services | B102: =INDEX(Data!$A$136:$F$167,MATCH(A102,Data!$A$136:$A$167,0),MATCH($G$5,Data!$B$135:$E$135,0)+1) -> 0 | C102: =IF(INDEX(Data!$A$111:$J$114,MATCH($G$5,Data!$A$111:$A$114,0),3)=0,0,B102/INDEX(Data!$A$111:$J$114,MATCH($G$5,Data!$A$111:$A$114,0),3)) -> 0 | D102: =IF(INDEX(Data!$A$111:$J$114,MATCH($G$5,Data!$A$111:$A$114,0),2)=0,0,B102/INDEX(Data!$A$111:$J$114,MATCH($G$5,Data!$A$111:$A$114,0),2)) -> 0 | F102: Job Abandonment | G102: =INDEX(Data!$A$176:$G$187,MATCH(F102,Data!$A$176:$A$187,0),MATCH($G$5,Data!$C$175:$F$175,0)+2) -> 8 | H102: =IF(INDEX(Data!$A$111:$J$114,MATCH($G$5,Data!$A$111:$A$114,0),3)=0,0,G102/INDEX(Data!$A$111:$J$114,MATCH($G$5,Data!$A$111:$A$114,0),3)) -> 0.080808081 | I102: Other
A103: =Data!A143 -> VP of Family Support | B103: =INDEX(Data!$A$136:$F$167,MATCH(A103,Data!$A$136:$A$167,0),MATCH($G$5,Data!$B$135:$E$135,0)+1) -> 0 | C103: =IF(INDEX(Data!$A$111:$J$114,MATCH($G$5,Data!$A$111:$A$114,0),3)=0,0,B103/INDEX(Data!$A$111:$J$114,MATCH($G$5,Data!$A$111:$A$114,0),3)) -> 0 | D103: =IF(INDEX(Data!$A$111:$J$114,MATCH($G$5,Data!$A$111:$A$114,0),2)=0,0,B103/INDEX(Data!$A$111:$J$114,MATCH($G$5,Data!$A$111:$A$114,0),2)) -> 0 | F103: End of Contract | G103: =INDEX(Data!$A$176:$G$187,MATCH(F103,Data!$A$176:$A$187,0),MATCH($G$5,Data!$C$175:$F$175,0)+2) -> 1 | H103: =IF(INDEX(Data!$A$111:$J$114,MATCH($G$5,Data!$A$111:$A$114,0),3)=0,0,G103/INDEX(Data!$A$111:$J$114,MATCH($G$5,Data!$A$111:$A$114,0),3)) -> 0.01010101 | I103: Other
A104: =Data!A144 -> VP of Finance | B104: =INDEX(Data!$A$136:$F$167,MATCH(A104,Data!$A$136:$A$167,0),MATCH($G$5,Data!$B$135:$E$135,0)+1) -> 1 | C104: =IF(INDEX(Data!$A$111:$J$114,MATCH($G$5,Data!$A$111:$A$114,0),3)=0,0,B104/INDEX(Data!$A$111:$J$114,MATCH($G$5,Data!$A$111:$A$114,0),3)) -> 0.01010101 | D104: =IF(INDEX(Data!$A$111:$J$114,MATCH($G$5,Data!$A$111:$A$114,0),2)=0,0,B104/INDEX(Data!$A$111:$J$114,MATCH($G$5,Data!$A$111:$A$114,0),2)) -> 0.0028901734 | F104: Other | G104: =INDEX(Data!$A$176:$G$187,MATCH(F104,Data!$A$176:$A$187,0),MATCH($G$5,Data!$C$175:$F$175,0)+2) -> 6 | H104: =IF(INDEX(Data!$A$111:$J$114,MATCH($G$5,Data!$A$111:$A$114,0),3)=0,0,G104/INDEX(Data!$A$111:$J$114,MATCH($G$5,Data!$A$111:$A$114,0),3)) -> 0.060606061 | I104: Other
A105: =Data!A145 -> Director of Operations | B105: =INDEX(Data!$A$136:$F$167,MATCH(A105,Data!$A$136:$A$167,0),MATCH($G$5,Data!$B$135:$E$135,0)+1) -> 0 | C105: =IF(INDEX(Data!$A$111:$J$114,MATCH($G$5,Data!$A$111:$A$114,0),3)=0,0,B105/INDEX(Data!$A$111:$J$114,MATCH($G$5,Data!$A$111:$A$114,0),3)) -> 0 | D105: =IF(INDEX(Data!$A$111:$J$114,MATCH($G$5,Data!$A$111:$A$114,0),2)=0,0,B105/INDEX(Data!$A$111:$J$114,MATCH($G$5,Data!$A$111:$A$114,0),2)) -> 0 | F105: Performance Issues | G105: =INDEX(Data!$A$176:$G$187,MATCH(F105,Data!$A$176:$A$187,0),MATCH($G$5,Data!$C$175:$F$175,0)+2) -> 1 | H105: =IF(INDEX(Data!$A$111:$J$114,MATCH($G$5,Data!$A$111:$A$114,0),3)=0,0,G105/INDEX(Data!$A$111:$J$114,MATCH($G$5,Data!$A$111:$A$114,0),3)) -> 0.01010101 | I105: Other
A106: =Data!A146 -> Director of Children Services | B106: =INDEX(Data!$A$136:$F$167,MATCH(A106,Data!$A$136:$A$167,0),MATCH($G$5,Data!$B$135:$E$135,0)+1) -> 1 | C106: =IF(INDEX(Data!$A$111:$J$114,MATCH($G$5,Data!$A$111:$A$114,0),3)=0,0,B106/INDEX(Data!$A$111:$J$114,MATCH($G$5,Data!$A$111:$A$114,0),3)) -> 0.01010101 | D106: =IF(INDEX(Data!$A$111:$J$114,MATCH($G$5,Data!$A$111:$A$114,0),2)=0,0,B106/INDEX(Data!$A$111:$J$114,MATCH($G$5,Data!$A$111:$A$114,0),2)) -> 0.0028901734 | F106: Attendance Issues | G106: =INDEX(Data!$A$176:$G$187,MATCH(F106,Data!$A$176:$A$187,0),MATCH($G$5,Data!$C$175:$F$175,0)+2) -> 1 | H106: =IF(INDEX(Data!$A$111:$J$114,MATCH($G$5,Data!$A$111:$A$114,0),3)=0,0,G106/INDEX(Data!$A$111:$J$114,MATCH($G$5,Data!$A$111:$A$114,0),3)) -> 0.01010101 | I106: Other
A107: =Data!A147 -> Director of Professional Services | B107: =INDEX(Data!$A$136:$F$167,MATCH(A107,Data!$A$136:$A$167,0),MATCH($G$5,Data!$B$135:$E$135,0)+1) -> 1 | C107: =IF(INDEX(Data!$A$111:$J$114,MATCH($G$5,Data!$A$111:$A$114,0),3)=0,0,B107/INDEX(Data!$A$111:$J$114,MATCH($G$5,Data!$A$111:$A$114,0),3)) -> 0.01010101 | D107: =IF(INDEX(Data!$A$111:$J$114,MATCH($G$5,Data!$A$111:$A$114,0),2)=0,0,B107/INDEX(Data!$A$111:$J$114,MATCH($G$5,Data!$A$111:$A$114,0),2)) -> 0.0028901734
A108: =Data!A148 -> Director of Behavioral Health | B108: =INDEX(Data!$A$136:$F$167,MATCH(A108,Data!$A$136:$A$167,0),MATCH($G$5,Data!$B$135:$E$135,0)+1) -> 0 | C108: =IF(INDEX(Data!$A$111:$J$114,MATCH($G$5,Data!$A$111:$A$114,0),3)=0,0,B108/INDEX(Data!$A$111:$J$114,MATCH($G$5,Data!$A$111:$A$114,0),3)) -> 0 | D108: =IF(INDEX(Data!$A$111:$J$114,MATCH($G$5,Data!$A$111:$A$114,0),2)=0,0,B108/INDEX(Data!$A$111:$J$114,MATCH($G$5,Data!$A$111:$A$114,0),2)) -> 0 | F108: Voluntary Total | G108: =INDEX(Data!$A$111:$J$114,MATCH($G$5,Data!$A$111:$A$114,0),6) -> 78 | H108: =IF(INDEX(Data!$A$111:$J$114,MATCH($G$5,Data!$A$111:$A$114,0),3)=0,0,G108/INDEX(Data!$A$111:$J$114,MATCH($G$5,Data!$A$111:$A$114,0),3)) -> 0.78787879
A109: =Data!A149 -> Director of Human Resources | B109: =INDEX(Data!$A$136:$F$167,MATCH(A109,Data!$A$136:$A$167,0),MATCH($G$5,Data!$B$135:$E$135,0)+1) -> 0 | C109: =IF(INDEX(Data!$A$111:$J$114,MATCH($G$5,Data!$A$111:$A$114,0),3)=0,0,B109/INDEX(Data!$A$111:$J$114,MATCH($G$5,Data!$A$111:$A$114,0),3)) -> 0 | D109: =IF(INDEX(Data!$A$111:$J$114,MATCH($G$5,Data!$A$111:$A$114,0),2)=0,0,B109/INDEX(Data!$A$111:$J$114,MATCH($G$5,Data!$A$111:$A$114,0),2)) -> 0 | F109: Involuntary Total | G109: =INDEX(Data!$A$111:$J$114,MATCH($G$5,Data!$A$111:$A$114,0),7) -> 4 | H109: =IF(INDEX(Data!$A$111:$J$114,MATCH($G$5,Data!$A$111:$A$114,0),3)=0,0,G109/INDEX(Data!$A$111:$J$114,MATCH($G$5,Data!$A$111:$A$114,0),3)) -> 0.04040404
A110: =Data!A150 -> Director of Finance | B110: =INDEX(Data!$A$136:$F$167,MATCH(A110,Data!$A$136:$A$167,0),MATCH($G$5,Data!$B$135:$E$135,0)+1) -> 0 | C110: =IF(INDEX(Data!$A$111:$J$114,MATCH($G$5,Data!$A$111:$A$114,0),3)=0,0,B110/INDEX(Data!$A$111:$J$114,MATCH($G$5,Data!$A$111:$A$114,0),3)) -> 0 | D110: =IF(INDEX(Data!$A$111:$J$114,MATCH($G$5,Data!$A$111:$A$114,0),2)=0,0,B110/INDEX(Data!$A$111:$J$114,MATCH($G$5,Data!$A$111:$A$114,0),2)) -> 0 | F110: Other Total | G110: =INDEX(Data!$A$111:$J$114,MATCH($G$5,Data!$A$111:$A$114,0),8) -> 17 | H110: =IF(INDEX(Data!$A$111:$J$114,MATCH($G$5,Data!$A$111:$A$114,0),3)=0,0,G110/INDEX(Data!$A$111:$J$114,MATCH($G$5,Data!$A$111:$A$114,0),3)) -> 0.17171717
A111: =Data!A151 -> Director of Employment Services | B111: =INDEX(Data!$A$136:$F$167,MATCH(A111,Data!$A$136:$A$167,0),MATCH($G$5,Data!$B$135:$E$135,0)+1) -> 0 | C111: =IF(INDEX(Data!$A$111:$J$114,MATCH($G$5,Data!$A$111:$A$114,0),3)=0,0,B111/INDEX(Data!$A$111:$J$114,MATCH($G$5,Data!$A$111:$A$114,0),3)) -> 0 | D111: =IF(INDEX(Data!$A$111:$J$114,MATCH($G$5,Data!$A$111:$A$114,0),2)=0,0,B111/INDEX(Data!$A$111:$J$114,MATCH($G$5,Data!$A$111:$A$114,0),2)) -> 0
A112: =Data!A152 -> Director of Family Support | B112: =INDEX(Data!$A$136:$F$167,MATCH(A112,Data!$A$136:$A$167,0),MATCH($G$5,Data!$B$135:$E$135,0)+1) -> 0 | C112: =IF(INDEX(Data!$A$111:$J$114,MATCH($G$5,Data!$A$111:$A$114,0),3)=0,0,B112/INDEX(Data!$A$111:$J$114,MATCH($G$5,Data!$A$111:$A$114,0),3)) -> 0 | D112: =IF(INDEX(Data!$A$111:$J$114,MATCH($G$5,Data!$A$111:$A$114,0),2)=0,0,B112/INDEX(Data!$A$111:$J$114,MATCH($G$5,Data!$A$111:$A$114,0),2)) -> 0
...

Sheet Multi-Year Analytics
A2: MULTI-YEAR TURNOVER ANALYTICS & TRENDS
A3: Comparative Analysis Across Calendar Years | January 1 — December 31
A5: YEAR-OVER-YEAR TURNOVER COMPARISON
A7: Metric | B7: FY 2023 | C7: FY 2024 | D7: FY 2025 | E7: FY 2026 | F7: FY 2027 | G7: Avg | H7: Trend
A8: Turnover Rate % | B8: =Data!D2 -> 0.18289086 | C8: =Data!D3 -> 0.4660767 | D8: =Data!D4 -> 0.39884393 | E8: =Data!D5 -> 0.095628415 | F8: =Data!D6 -> 0 | G8: =AVERAGE(B8:F8) -> 0.22868798 | H8: =IF(F8>E8,"↑",IF(F8<E8,"↓","→")) -> ↓
A9: Total Separations | B9: =Data!C2 -> 62 | C9: =Data!C3 -> 158 | D9: =Data!C4 -> 138 | E9: =Data!C5 -> 35 | F9: =Data!C6 -> 0 | G9: =AVERAGE(B9:F9) -> 78.6 | H9: =IF(F9>E9,"↑",IF(F9<E9,"↓","→")) -> ↓
A10: Voluntary % | B10: =Data!I2 -> 0.58064516 | C10: =Data!I3 -> 0.55063291 | D10: =Data!I4 -> 0.71014493 | E10: =Data!I5 -> 0.6 | F10: =Data!I6 -> 0 | G10: =AVERAGE(B10:F10) -> 0.4882846 | H10: =IF(F10>E10,"↑",IF(F10<E10,"↓","→")) -> ↓
A11: Avg Monthly Separations | B11: =Data!E2 -> 10.333333 | C11: =Data!E3 -> 13.166667 | D11: =Data!E4 -> 11.5 | E11: =Data!E5 -> 8.75 | F11: =Data!E6 -> 0 | G11: =AVERAGE(B11:F11) -> 8.75 | H11: =IF(F11>E11,"↑",IF(F11<E11,"↓","→")) -> ↓
A13: JOB/DEPARTMENT TURNOVER ACROSS YEARS
A15: Job | B15: FY 2023 | C15: FY 2024 | D15: FY 2025 | E15: FY 2026 | F15: FY 2027 | G15: Total
A16: LEADERSHIP
A17: President | B17: =Data!B21 -> 0 | C17: =Data!C21 -> 0 | D17: =Data!D21 -> 0 | E17: =Data!E21 -> 0 | F17: =Data!F21 -> 0 | G17: =SUM(B17:F17) -> 0
A18: VP of Operations | B18: =Data!B22 -> 0 | C18: =Data!C22 -> 0 | D18: =Data!D22 -> 0 | E18: =Data!E22 -> 0 | F18: =Data!F22 -> 0 | G18: =SUM(B18:F18) -> 0
A19: VP of Children Services | B19: =Data!B23 -> 0 | C19: =Data!C23 -> 0 | D19: =Data!D23 -> 0 | E19: =Data!E23 -> 0 | F19: =Data!F23 -> 0 | G19: =SUM(B19:F19) -> 0
A20: VP of Professional Services | B20: =Data!B24 -> 0 | C20: =Data!C24 -> 0 | D20: =Data!D24 -> 0 | E20: =Data!E24 -> 0 | F20: =Data!F24 -> 0 | G20: =SUM(B20:F20) -> 0
A21: VP of Behavioral Health | B21: =Data!B25 -> 0 | C21: =Data!C25 -> 0 | D21: =Data!D25 -> 0 | E21: =Data!E25 -> 0 | F21: =Data!F25 -> 0 | G21: =SUM(B21:F21) -> 0
A22: VP of Human Resources | B22: =Data!B26 -> 0 | C22: =Data!C26 -> 0 | D22: =Data!D26 -> 0 | E22: =Data!E26 -> 0 | F22: =Data!F26 -> 0 | G22: =SUM(B22:F22) -> 0
A23: VP of Employment Services | B23: =Data!B27 -> 0 | C23: =Data!C27 -> 0 | D23: =Data!D27 -> 0 | E23: =Data!E27 -> 0 | F23: =Data!F27 -> 0 | G23: =SUM(B23:F23) -> 0
A24: VP of Family Support | B24: =Data!B28 -> 0 | C24: =Data!C28 -> 0 | D24: =Data!D28 -> 0 | E24: =Data!E28 -> 0 | F24: =Data!F28 -> 0 | G24: =SUM(B24:F24) -> 0
A25: VP of Finance | B25: =Data!B29 -> 0 | C25: =Data!C29 -> 0 | D25: =Data!D29 -> 0 | E25: =Data!E29 -> 1 | F25: =Data!F29 -> 0 | G25: =SUM(B25:F25) -> 1
A26: Director of Operations | B26: =Data!B30 -> 0 | C26: =Data!C30 -> 0 | D26: =Data!D30 -> 0 | E26: =Data!E30 -> 0 | F26: =Data!F30 -> 0 | G26: =SUM(B26:F26) -> 0
A27: Director of Children Services | B27: =Data!B31 -> 0 | C27: =Data!C31 -> 1 | D27: =Data!D31 -> 1 | E27: =Data!E31 -> 0 | F27: =Data!F31 -> 0 | G27: =SUM(B27:F27) -> 2
A28: Director of Professional Services | B28: =Data!B32 -> 0 | C28: =Data!C32 -> 0 | D28: =Data!D32 -> 1 | E28: =Data!E32 -> 0 | F28: =Data!F32 -> 0 | G28: =SUM(B28:F28) -> 1
... A34: Director of QA | B34: =Data!B38 -> 0 | C34: =Data!C38 -> 0 | D34: =Data!D38 -> 0 | E34: =Data!E38 -> 0 | F34: =Data!F38 -> 0 | G34: =SUM(B34:F34) -> 0
A35: DIRECT CARE
A36: DSP | B36: =Data!B39 -> 45 | C36: =Data!C39 -> 120 | D36: =Data!D39 -> 75 | E36: =Data!E39 -> 25 | F36: =Data!F39 -> 0 | G36: =SUM(B36:F36) -> 265
A37: HM | B37: =Data!B40 -> 0 | C37: =Data!C40 -> 8 | D37: =Data!D40 -> 5 | E37: =Data!E40 -> 3 | F37: =Data!F40 -> 0 | G37: =SUM(B37:F37) -> 16
A38: RM | B38: =Data!B41 -> 0 | C38: =Data!C41 -> 3 | D38: =Data!D41 -> 0 | E38: =Data!E41 -> 0 | F38: =Data!F41 -> 0 | G38: =SUM(B38:F38) -> 3
A39: CLINICAL / PROGRAM
A40: CM | B40: =Data!B42 -> 0 | C40: =Data!C42 -> 1 | D40: =Data!D42 -> 6 | E40: =Data!E42 -> 1 | F40: =Data!F42 -> 0 | G40: =SUM(B40:F40) -> 8
A41: EI | B41: =Data!B43 -> 4 | C41: =Data!C43 -> 5 | D41: =Data!D43 -> 6 | E41: =Data!E43 -> 0 | F41: =Data!F43 -> 0 | G41: =SUM(B41:F41) -> 15
A42: Family Support | B42: =Data!B44 -> 0 | C42: =Data!C44 -> 1 | D42: =Data!D44 -> 2 | E42: =Data!E44 -> 0 | F42: =Data!F44 -> 0 | G42: =SUM(B42:F42) -> 3
A43: EDUCATION
A44: Teacher | B44: =Data!B45 -> 0 | C44: =Data!C45 -> 3 | D44: =Data!D45 -> 4 | E44: =Data!E45 -> 0 | F44: =Data!F45 -> 0 | G44: =SUM(B44:F44) -> 7
A45: Assistant Teacher | B45: =Data!B46 -> 0 | C45: =Data!C46 -> 3 | D45: =Data!D46 -> 4 | E45: =Data!E46 -> 0 | F45: =Data!F46 -> 0 | G45: =SUM(B45:F45) -> 7
A46: SUPPORT
A47: Sub/Floater | B47: =Data!B47 -> 5 | C47: =Data!C47 -> 1 | D47: =Data!D47 -> 14 | E47: =Data!E47 -> 1 | F47: =Data!F47 -> 0 | G47: =SUM(B47:F47) -> 21
A48: Job Coach/WI | B48: =Data!B48 -> 0 | C48: =Data!C48 -> 5 | D48: =Data!D48 -> 2 | E48: =Data!E48 -> 0 | F48: =Data!F48 -> 0 | G48: =SUM(B48:F48) -> 7
A49: ADMINISTRATIVE
A50: Finance | B50: =Data!B49 -> 0 | C50: =Data!C49 -> 0 | D50: =Data!D49 -> 3 | E50: =Data!E49 -> 0 | F50: =Data!F49 -> 0 | G50: =SUM(B50:F50) -> 3
A51: HR | B51: =Data!B50 -> 0 | C51: =Data!C50 -> 0 | D51: =Data!D50 -> 6 | E51: =Data!E50 -> 0 | F51: =Data!F50 -> 0 | G51: =SUM(B51:F51) -> 6
A52: QA | B52: =Data!B51 -> 0 | C52: =Data!C51 -> 0 | D52: =Data!D51 -> 1 | E52: =Data!E51 -> 1 | F52: =Data!F51 -> 0 | G52: =SUM(B52:F52) -> 2
A53: OTHER
A54: Other | B54: =Data!B52 -> 8 | C54: =Data!C52 -> 6 | D54: =Data!D52 -> 8 | E54: =Data!E52 -> 2 | F54: =Data!F52 -> 0 | G54: =SUM(B54:F54) -> 24
A57: SEASONAL TURNOVER PATTERNS (Average Across Years)
A59: Month | B59: FY 2023 | C59: FY 2024 | D59: FY 2025 | E59: FY 2026 | F59: FY 2027 | G59: Avg
A60: January | B60: =Data!B11 -> 0 | C60: =Data!B12 -> 24 | D60: =Data!B13 -> 14 | E60: =Data!B14 -> 8 | F60: =Data!B15 -> 0 | G60: =AVERAGE(B60:F60) -> 9.2
A61: February | B61: =Data!C11 -> 0 | C61: =Data!C12 -> 11 | D61: =Data!C13 -> 13 | E61: =Data!C14 -> 10 | F61: =Data!C15 -> 0 | G61: =AVERAGE(B61:F61) -> 6.8
A62: March | B62: =Data!D11 -> 0 | C62: =Data!D12 -> 14 | D62: =Data!D13 -> 12 | E62: =Data!D14 -> 10 | F62: =Data!D15 -> 0 | G62: =AVERAGE(B62:F62) -> 7.2
A63: April | B63: =Data!E11 -> 0 | C63: =Data!E12 -> 13 | D63: =Data!E13 -> 7 | E63: =Data!E14 -> 7 | F63: =Data!E15 -> 0 | G63: =AVERAGE(B63:F63) -> 5.4
A64: May | B64: =Data!F11 -> 0 | C64: =Data!F12 -> 17 | D64: =Data!F13 -> 18 | E64: =Data!F14 -> 0 | F64: =Data!F15 -> 0 | G64: =AVERAGE(B64:F64) -> 7
A65: June | B65: =Data!G11 -> 0 | C65: =Data!G12 -> 12 | D65: =Data!G13 -> 5 | E65: =Data!G14 -> 0 | F65: =Data!G15 -> 0 | G65: =AVERAGE(B65:F65) -> 3.4
A66: July | B66: =Data!H11 -> 10 | C66: =Data!H12 -> 13 | D66: =Data!H13 -> 16 | E66: =Data!H14 -> 0 | F66: =Data!H15 -> 0 | G66: =AVERAGE(B66:F66) -> 7.8
A67: August | B67: =Data!I11 -> 9 | C67: =Data!I12 -> 16 | D67: =Data!I13 -> 14 | E67: =Data!I14 -> 0 | F67: =Data!I15 -> 0 | G67: =AVERAGE(B67:F67) -> 7.8
A68: September | B68: =Data!J11 -> 12 | C68: =Data!J12 -> 8 | D68: =Data!J13 -> 12 | E68: =Data!J14 -> 0 | F68: =Data!J15 -> 0 | G68: =AVERAGE(B68:F68) -> 6.4
A69: October | B69: =Data!K11 -> 12 | C69: =Data!K12 -> 7 | D69: =Data!K13 -> 13 | E69: =Data!K14 -> 0 | F69: =Data!K15 -> 0 | G69: =AVERAGE(B69:F69) -> 6.4
A70: November | B70: =Data!L11 -> 10 | C70: =Data!L12 -> 14 | D70: =Data!L13 -> 9 | E70: =Data!L14 -> 0 | F70: =Data!L15 -> 0 | G70: =AVERAGE(B70:F70) -> 6.6
A71: December | B71: =Data!M11 -> 9 | C71: =Data!M12 -> 9 | D71: =Data!M13 -> 5 | E71: =Data!M14 -> 0 | F71: =Data!M15 -> 0 | G71: =AVERAGE(B71:F71) -> 4.6
A74: FISCAL YEAR ANALYSIS (July 1 — June 30)
A76: FISCAL YEAR OVERVIEW
A78: Metric | B78: FY 2024 | C78: FY 2025 | D78: FY 2026 | E78: FY 2027 | F78: Avg | G78: Trend
A79: Turnover Rate % | B79: 0.45132743 | C79: 0.40117994 | D79: 0.28612717 | E79: 0 | F79: 0.28465864 | G79: ↓
A80: Total Separations | B80: 153 | C80: 136 | D80: 99 | E80: 0 | F80: 97 | G80: ↓
A81: Voluntary % | B81: 0.54248366 | C81: 0.59558824 | D81: 0.78787879 | E81: 0 | F81: 0.64198356
A82: Avg Monthly Separations | B82: 12.75 | C82: 11.333333 | D82: 8.25 | E82: 0 | F82: 8.0833333 | G82: ↓
A85: FISCAL YEAR MONTHLY PATTERNS
A87: Month | B87: FY 2024 | C87: FY 2025 | D87: FY 2026 | E87: FY 2027 | F87: Avg
A88: July | B88: 10 | C88: 13 | D88: 16 | E88: 0 | F88: 9.75
A89: August | B89: 9 | C89: 16 | D89: 14 | E89: 0 | F89: 9.75
A90: September | B90: 12 | C90: 8 | D90: 12 | E90: 0 | F90: 8
A91: October | B91: 12 | C91: 7 | D91: 13 | E91: 0 | F91: 8
A92: November | B92: 10 | C92: 14 | D92: 9 | E92: 0 | F92: 8.25
A93: December | B93: 9 | C93: 9 | D93: 5 | E93: 0 | F93: 5.75
A94: January | B94: 24 | C94: 14 | D94: 8 | E94: 0 | F94: 11.5
A95: February | B95: 11 | C95: 13 | D95: 10 | E95: 0 | F95: 8.5
A96: March | B96: 14 | C96: 12 | D96: 10 | E96: 0 | F96: 9
A97: April | B97: 13 | C97: 7 | D97: 2 | E97: 0 | F97: 5.5
A98: May | B98: 17 | C98: 18 | D98: 0 | E98: 0 | F98: 8.75
A99: June | B99: 12 | C99: 5 | D99: 0 | E99: 0 | F99: 4.25
A102: FISCAL YEAR HALF COMPARISON
A104: Period | B104: FY 2024 | C104: FY 2025 | D104: FY 2026 | E104: FY 2027
A105: H1 (Jul - Dec) | B105: 62 | C105: 67 | D105: 69 | E105: 0
A106: H2 (Jan - Jun) | B106: 91 | C106: 69 | D106: 30 | E106: 0

Sheet FY 2027 (Jan27-Dec27)
A2: EMPLOYEE SEPARATION SUMMARY — FY 2027
A3: January 2027 — December 2027 | Emory Valley Center
A5: Active Employees: | B5: 364 | D5: YTD Separations: | E5: =B39+B73+B107+B141+B175+B209+B243+B277+B311+B345+B379+B413 -> 0 | G5: TOR %: | H5: =IF(B5=0,0,E5/B5) -> 0
A7: JANUARY 2027
A8: Name | B8: Date of Separation | C8: DOH | D8: Length of Service | E8: Eligible for Rehire | F8: Status | G8: Location | H8: Reason for Leaving | I8: Supervisor | J8: Exit Interview Date | K8: Job | L8: Comments | M8: Department
D9: =IF(OR(B9="",C9=""),"",IF(DATEDIF(C9,B9,"y")>=1,DATEDIF(C9,B9,"y")&IF(DATEDIF(C9,B9,"y")=1," year "," years ")&DATEDIF(C9,B9,"ym")&IF(DATEDIF(C9,B9,"ym")=1," month"," months"),IF(DATEDIF(C9,B9,"m")>=1,DATEDIF(C9,B9,"m")&IF(DATEDIF(C9,B9,"m")=1," month"," months"),DATEDIF(C9,B9,"d")&IF(DATEDIF(C9,B9,"d")=1," day"," days")))) | M9: =IFERROR(VLOOKUP(G9,Reference!$I$2:$J$175,2,FALSE()),"Operations") -> Operations
D10: =IF(OR(B10="",C10=""),"",IF(DATEDIF(C10,B10,"y")>=1,DATEDIF(C10,B10,"y")&IF(DATEDIF(C10,B10,"y")=1," year "," years ")&DATEDIF(C10,B10,"ym")&IF(DATEDIF(C10,B10,"ym")=1," month"," months"),IF(DATEDIF(C10,B10,"m")>=1,DATEDIF(C10,B10,"m")&IF(DATEDIF(C10,B10,"m")=1," month"," months"),DATEDIF(C10,B10,"d")&IF(DATEDIF(C10,B10,"d")=1," day"," days")))) | M10: =IFERROR(VLOOKUP(G10,Reference!$I$2:$J$175,2,FALSE()),"Operations") -> Operations
D11: =IF(OR(B11="",C11=""),"",IF(DATEDIF(C11,B11,"y")>=1,DATEDIF(C11,B11,"y")&IF(DATEDIF(C11,B11,"y")=1," year "," years ")&DATEDIF(C11,B11,"ym")&IF(DATEDIF(C11,B11,"ym")=1," month"," months"),IF(DATEDIF(C11,B11,"m")>=1,DATEDIF(C11,B11,"m")&IF(DATEDIF(C11,B11,"m")=1," month"," months"),DATEDIF(C11,B11,"d")&IF(DATEDIF(C11,B11,"d")=1," day"," days")))) | M11: =IFERROR(VLOOKUP(G11,Reference!$I$2:$J$175,2,FALSE()),"Operations") -> Operations
D12: =IF(OR(B12="",C12=""),"",IF(DATEDIF(C12,B12,"y")>=1,DATEDIF(C12,B12,"y")&IF(DATEDIF(C12,B12,"y")=1," year "," years ")&DATEDIF(C12,B12,"ym")&IF(DATEDIF(C12,B12,"ym")=1," month"," months"),IF(DATEDIF(C12,B12,"m")>=1,DATEDIF(C12,B12,"m")&IF(DATEDIF(C12,B12,"m")=1," month"," months"),DATEDIF(C12,B12,"d")&IF(DATEDIF(C12,B12,"d")=1," day"," days")))) | M12: =IFERROR(VLOOKUP(G12,Reference!$I$2:$J$175,2,FALSE()),"Operations") -> Operations
D13: =IF(OR(B13="",C13=""),"",IF(DATEDIF(C13,B13,"y")>=1,DATEDIF(C13,B13,"y")&IF(DATEDIF(C13,B13,"y")=1," year "," years ")&DATEDIF(C13,B13,"ym")&IF(DATEDIF(C13,B13,"ym")=1," month"," months"),IF(DATEDIF(C13,B13,"m")>=1,DATEDIF(C13,B13,"m")&IF(DATEDIF(C13,B13,"m")=1," month"," months"),DATEDIF(C13,B13,"d")&IF(DATEDIF(C13,B13,"d")=1," day"," days")))) | M13: =IFERROR(VLOOKUP(G13,Reference!$I$2:$J$175,2,FALSE()),"Operations") -> Operations
D14: =IF(OR(B14="",C14=""),"",IF(DATEDIF(C14,B14,"y")>=1,DATEDIF(C14,B14,"y")&IF(DATEDIF(C14,B14,"y")=1," year "," years ")&DATEDIF(C14,B14,"ym")&IF(DATEDIF(C14,B14,"ym")=1," month"," months"),IF(DATEDIF(C14,B14,"m")>=1,DATEDIF(C14,B14,"m")&IF(DATEDIF(C14,B14,"m")=1," month"," months"),DATEDIF(C14,B14,"d")&IF(DATEDIF(C14,B14,"d")=1," day"," days")))) | M14: =IFERROR(VLOOKUP(G14,Reference!$I$2:$J$175,2,FALSE()),"Operations") -> Operations
D15: =IF(OR(B15="",C15=""),"",IF(DATEDIF(C15,B15,"y")>=1,DATEDIF(C15,B15,"y")&IF(DATEDIF(C15,B15,"y")=1," year "," years ")&DATEDIF(C15,B15,"ym")&IF(DATEDIF(C15,B15,"ym")=1," month"," months"),IF(DATEDIF(C15,B15,"m")>=1,DATEDIF(C15,B15,"m")&IF(DATEDIF(C15,B15,"m")=1," month"," months"),DATEDIF(C15,B15,"d")&IF(DATEDIF(C15,B15,"d")=1," day"," days")))) | M15: =IFERROR(VLOOKUP(G15,Reference!$I$2:$J$175,2,FALSE()),"Operations") -> Operations
D16: =IF(OR(B16="",C16=""),"",IF(DATEDIF(C16,B16,"y")>=1,DATEDIF(C16,B16,"y")&IF(DATEDIF(C16,B16,"y")=1," year "," years ")&DATEDIF(C16,B16,"ym")&IF(DATEDIF(C16,B16,"ym")=1," month"," months"),IF(DATEDIF(C16,B16,"m")>=1,DATEDIF(C16,B16,"m")&IF(DATEDIF(C16,B16,"m")=1," month"," months"),DATEDIF(C16,B16,"d")&IF(DATEDIF(C16,B16,"d")=1," day"," days")))) | M16: =IFERROR(VLOOKUP(G16,Reference!$I$2:$J$175,2,FALSE()),"Operations") -> Operations
D17: =IF(OR(B17="",C17=""),"",IF(DATEDIF(C17,B17,"y")>=1,DATEDIF(C17,B17,"y")&IF(DATEDIF(C17,B17,"y")=1," year "," years ")&DATEDIF(C17,B17,"ym")&IF(DATEDIF(C17,B17,"ym")=1," month"," months"),IF(DATEDIF(C17,B17,"m")>=1,DATEDIF(C17,B17,"m")&IF(DATEDIF(C17,B17,"m")=1," month"," months"),DATEDIF(C17,B17,"d")&IF(DATEDIF(C17,B17,"d")=1," day"," days")))) | M17: =IFERROR(VLOOKUP(G17,Reference!$I$2:$J$175,2,FALSE()),"Operations") -> Operations
D18: =IF(OR(B18="",C18=""),"",IF(DATEDIF(C18,B18,"y")>=1,DATEDIF(C18,B18,"y")&IF(DATEDIF(C18,B18,"y")=1," year "," years ")&DATEDIF(C18,B18,"ym")&IF(DATEDIF(C18,B18,"ym")=1," month"," months"),IF(DATEDIF(C18,B18,"m")>=1,DATEDIF(C18,B18,"m")&IF(DATEDIF(C18,B18,"m")=1," month"," months"),DATEDIF(C18,B18,"d")&IF(DATEDIF(C18,B18,"d")=1," day"," days")))) | M18: =IFERROR(VLOOKUP(G18,Reference!$I$2:$J$175,2,FALSE()),"Operations") -> Operations
D19: =IF(OR(B19="",C19=""),"",IF(DATEDIF(C19,B19,"y")>=1,DATEDIF(C19,B19,"y")&IF(DATEDIF(C19,B19,"y")=1," year "," years ")&DATEDIF(C19,B19,"ym")&IF(DATEDIF(C19,B19,"ym")=1," month"," months"),IF(DATEDIF(C19,B19,"m")>=1,DATEDIF(C19,B19,"m")&IF(DATEDIF(C19,B19,"m")=1," month"," months"),DATEDIF(C19,B19,"d")&IF(DATEDIF(C19,B19,"d")=1," day"," days")))) | M19: =IFERROR(VLOOKUP(G19,Reference!$I$2:$J$175,2,FALSE()),"Operations") -> Operations
D20: =IF(OR(B20="",C20=""),"",IF(DATEDIF(C20,B20,"y")>=1,DATEDIF(C20,B20,"y")&IF(DATEDIF(C20,B20,"y")=1," year "," years ")&DATEDIF(C20,B20,"ym")&IF(DATEDIF(C20,B20,"ym")=1," month"," months"),IF(DATEDIF(C20,B20,"m")>=1,DATEDIF(C20,B20,"m")&IF(DATEDIF(C20,B20,"m")=1," month"," months"),DATEDIF(C20,B20,"d")&IF(DATEDIF(C20,B20,"d")=1," day"," days")))) | M20: =IFERROR(VLOOKUP(G20,Reference!$I$2:$J$175,2,FALSE()),"Operations") -> Operations
... D38: =IF(OR(B38="",C38=""),"",IF(DATEDIF(C38,B38,"y")>=1,DATEDIF(C38,B38,"y")&IF(DATEDIF(C38,B38,"y")=1," year "," years ")&DATEDIF(C38,B38,"ym")&IF(DATEDIF(C38,B38,"ym")=1," month"," months"),IF(DATEDIF(C38,B38,"m")>=1,DATEDIF(C38,B38,"m")&IF(DATEDIF(C38,B38,"m")=1," month"," months"),DATEDIF(C38,B38,"d")&IF(DATEDIF(C38,B38,"d")=1," day"," days")))) | M38: =IFERROR(VLOOKUP(G38,Reference!$I$2:$J$175,2,FALSE()),"Operations") -> Operations
A39: SUBTOTAL: | B39: =COUNTA(A9:A38) -> 0
A41: FEBRUARY 2027
A42: Name | B42: Date of Separation | C42: DOH | D42: Length of Service | E42: Eligible for Rehire | F42: Status | G42: Location | H42: Reason for Leaving | I42: Supervisor | J42: Exit Interview Date | K42: Job | L42: Comments | M42: Department
D43: =IF(OR(B43="",C43=""),"",IF(DATEDIF(C43,B43,"y")>=1,DATEDIF(C43,B43,"y")&IF(DATEDIF(C43,B43,"y")=1," year "," years ")&DATEDIF(C43,B43,"ym")&IF(DATEDIF(C43,B43,"ym")=1," month"," months"),IF(DATEDIF(C43,B43,"m")>=1,DATEDIF(C43,B43,"m")&IF(DATEDIF(C43,B43,"m")=1," month"," months"),DATEDIF(C43,B43,"d")&IF(DATEDIF(C43,B43,"d")=1," day"," days")))) | M43: =IFERROR(VLOOKUP(G43,Reference!$I$2:$J$175,2,FALSE()),"Operations") -> Operations
D44: =IF(OR(B44="",C44=""),"",IF(DATEDIF(C44,B44,"y")>=1,DATEDIF(C44,B44,"y")&IF(DATEDIF(C44,B44,"y")=1," year "," years ")&DATEDIF(C44,B44,"ym")&IF(DATEDIF(C44,B44,"ym")=1," month"," months"),IF(DATEDIF(C44,B44,"m")>=1,DATEDIF(C44,B44,"m")&IF(DATEDIF(C44,B44,"m")=1," month"," months"),DATEDIF(C44,B44,"d")&IF(DATEDIF(C44,B44,"d")=1," day"," days")))) | M44: =IFERROR(VLOOKUP(G44,Reference!$I$2:$J$175,2,FALSE()),"Operations") -> Operations
D45: =IF(OR(B45="",C45=""),"",IF(DATEDIF(C45,B45,"y")>=1,DATEDIF(C45,B45,"y")&IF(DATEDIF(C45,B45,"y")=1," year "," years ")&DATEDIF(C45,B45,"ym")&IF(DATEDIF(C45,B45,"ym")=1," month"," months"),IF(DATEDIF(C45,B45,"m")>=1,DATEDIF(C45,B45,"m")&IF(DATEDIF(C45,B45,"m")=1," month"," months"),DATEDIF(C45,B45,"d")&IF(DATEDIF(C45,B45,"d")=1," day"," days")))) | M45: =IFERROR(VLOOKUP(G45,Reference!$I$2:$J$175,2,FALSE()),"Operations") -> Operations
D46: =IF(OR(B46="",C46=""),"",IF(DATEDIF(C46,B46,"y")>=1,DATEDIF(C46,B46,"y")&IF(DATEDIF(C46,B46,"y")=1," year "," years ")&DATEDIF(C46,B46,"ym")&IF(DATEDIF(C46,B46,"ym")=1," month"," months"),IF(DATEDIF(C46,B46,"m")>=1,DATEDIF(C46,B46,"m")&IF(DATEDIF(C46,B46,"m")=1," month"," months"),DATEDIF(C46,B46,"d")&IF(DATEDIF(C46,B46,"d")=1," day"," days")))) | M46: =IFERROR(VLOOKUP(G46,Reference!$I$2:$J$175,2,FALSE()),"Operations") -> Operations
D47: =IF(OR(B47="",C47=""),"",IF(DATEDIF(C47,B47,"y")>=1,DATEDIF(C47,B47,"y")&IF(DATEDIF(C47,B47,"y")=1," year "," years ")&DATEDIF(C47,B47,"ym")&IF(DATEDIF(C47,B47,"ym")=1," month"," months"),IF(DATEDIF(C47,B47,"m")>=1,DATEDIF(C47,B47,"m")&IF(DATEDIF(C47,B47,"m")=1," month"," months"),DATEDIF(C47,B47,"d")&IF(DATEDIF(C47,B47,"d")=1," day"," days")))) | M47: =IFERROR(VLOOKUP(G47,Reference!$I$2:$J$175,2,FALSE()),"Operations") -> Operations
D48: =IF(OR(B48="",C48=""),"",IF(DATEDIF(C48,B48,"y")>=1,DATEDIF(C48,B48,"y")&IF(DATEDIF(C48,B48,"y")=1," year "," years ")&DATEDIF(C48,B48,"ym")&IF(DATEDIF(C48,B48,"ym")=1," month"," months"),IF(DATEDIF(C48,B48,"m")>=1,DATEDIF(C48,B48,"m")&IF(DATEDIF(C48,B48,"m")=1," month"," months"),DATEDIF(C48,B48,"d")&IF(DATEDIF(C48,B48,"d")=1," day"," days")))) | M48: =IFERROR(VLOOKUP(G48,Reference!$I$2:$J$175,2,FALSE()),"Operations") -> Operations
D49: =IF(OR(B49="",C49=""),"",IF(DATEDIF(C49,B49,"y")>=1,DATEDIF(C49,B49,"y")&IF(DATEDIF(C49,B49,"y")=1," year "," years ")&DATEDIF(C49,B49,"ym")&IF(DATEDIF(C49,B49,"ym")=1," month"," months"),IF(DATEDIF(C49,B49,"m")>=1,DATEDIF(C49,B49,"m")&IF(DATEDIF(C49,B49,"m")=1," month"," months"),DATEDIF(C49,B49,"d")&IF(DATEDIF(C49,B49,"d")=1," day"," days")))) | M49: =IFERROR(VLOOKUP(G49,Reference!$I$2:$J$175,2,FALSE()),"Operations") -> Operations
D50: =IF(OR(B50="",C50=""),"",IF(DATEDIF(C50,B50,"y")>=1,DATEDIF(C50,B50,"y")&IF(DATEDIF(C50,B50,"y")=1," year "," years ")&DATEDIF(C50,B50,"ym")&IF(DATEDIF(C50,B50,"ym")=1," month"," months"),IF(DATEDIF(C50,B50,"m")>=1,DATEDIF(C50,B50,"m")&IF(DATEDIF(C50,B50,"m")=1," month"," months"),DATEDIF(C50,B50,"d")&IF(DATEDIF(C50,B50,"d")=1," day"," days")))) | M50: =IFERROR(VLOOKUP(G50,Reference!$I$2:$J$175,2,FALSE()),"Operations") -> Operations
D51: =IF(OR(B51="",C51=""),"",IF(DATEDIF(C51,B51,"y")>=1,DATEDIF(C51,B51,"y")&IF(DATEDIF(C51,B51,"y")=1," year "," years ")&DATEDIF(C51,B51,"ym")&IF(DATEDIF(C51,B51,"ym")=1," month"," months"),IF(DATEDIF(C51,B51,"m")>=1,DATEDIF(C51,B51,"m")&IF(DATEDIF(C51,B51,"m")=1," month"," months"),DATEDIF(C51,B51,"d")&IF(DATEDIF(C51,B51,"d")=1," day"," days")))) | M51: =IFERROR(VLOOKUP(G51,Reference!$I$2:$J$175,2,FALSE()),"Operations") -> Operations
D52: =IF(OR(B52="",C52=""),"",IF(DATEDIF(C52,B52,"y")>=1,DATEDIF(C52,B52,"y")&IF(DATEDIF(C52,B52,"y")=1," year "," years ")&DATEDIF(C52,B52,"ym")&IF(DATEDIF(C52,B52,"ym")=1," month"," months"),IF(DATEDIF(C52,B52,"m")>=1,DATEDIF(C52,B52,"m")&IF(DATEDIF(C52,B52,"m")=1," month"," months"),DATEDIF(C52,B52,"d")&IF(DATEDIF(C52,B52,"d")=1," day"," days")))) | M52: =IFERROR(VLOOKUP(G52,Reference!$I$2:$J$175,2,FALSE()),"Operations") -> Operations
D53: =IF(OR(B53="",C53=""),"",IF(DATEDIF(C53,B53,"y")>=1,DATEDIF(C53,B53,"y")&IF(DATEDIF(C53,B53,"y")=1," year "," years ")&DATEDIF(C53,B53,"ym")&IF(DATEDIF(C53,B53,"ym")=1," month"," months"),IF(DATEDIF(C53,B53,"m")>=1,DATEDIF(C53,B53,"m")&IF(DATEDIF(C53,B53,"m")=1," month"," months"),DATEDIF(C53,B53,"d")&IF(DATEDIF(C53,B53,"d")=1," day"," days")))) | M53: =IFERROR(VLOOKUP(G53,Reference!$I$2:$J$175,2,FALSE()),"Operations") -> Operations
D54: =IF(OR(B54="",C54=""),"",IF(DATEDIF(C54,B54,"y")>=1,DATEDIF(C54,B54,"y")&IF(DATEDIF(C54,B54,"y")=1," year "," years ")&DATEDIF(C54,B54,"ym")&IF(DATEDIF(C54,B54,"ym")=1," month"," months"),IF(DATEDIF(C54,B54,"m")>=1,DATEDIF(C54,B54,"m")&IF(DATEDIF(C54,B54,"m")=1," month"," months"),DATEDIF(C54,B54,"d")&IF(DATEDIF(C54,B54,"d")=1," day"," days")))) | M54: =IFERROR(VLOOKUP(G54,Reference!$I$2:$J$175,2,FALSE()),"Operations") -> Operations
... D72: =IF(OR(B72="",C72=""),"",IF(DATEDIF(C72,B72,"y")>=1,DATEDIF(C72,B72,"y")&IF(DATEDIF(C72,B72,"y")=1," year "," years ")&DATEDIF(C72,B72,"ym")&IF(DATEDIF(C72,B72,"ym")=1," month"," months"),IF(DATEDIF(C72,B72,"m")>=1,DATEDIF(C72,B72,"m")&IF(DATEDIF(C72,B72,"m")=1," month"," months"),DATEDIF(C72,B72,"d")&IF(DATEDIF(C72,B72,"d")=1," day"," days")))) | M72: =IFERROR(VLOOKUP(G72,Reference!$I$2:$J$175,2,FALSE()),"Operations") -> Operations
A73: SUBTOTAL: | B73: =COUNTA(A43:A72) -> 0
A75: MARCH 2027
A76: Name | B76: Date of Separation | C76: DOH | D76: Length of Service | E76: Eligible for Rehire | F76: Status | G76: Location | H76: Reason for Leaving | I76: Supervisor | J76: Exit Interview Date | K76: Job | L76: Comments | M76: Department
D77: =IF(OR(B77="",C77=""),"",IF(DATEDIF(C77,B77,"y")>=1,DATEDIF(C77,B77,"y")&IF(DATEDIF(C77,B77,"y")=1," year "," years ")&DATEDIF(C77,B77,"ym")&IF(DATEDIF(C77,B77,"ym")=1," month"," months"),IF(DATEDIF(C77,B77,"m")>=1,DATEDIF(C77,B77,"m")&IF(DATEDIF(C77,B77,"m")=1," month"," months"),DATEDIF(C77,B77,"d")&IF(DATEDIF(C77,B77,"d")=1," day"," days")))) | M77: =IFERROR(VLOOKUP(G77,Reference!$I$2:$J$175,2,FALSE()),"Operations") -> Operations
D78: =IF(OR(B78="",C78=""),"",IF(DATEDIF(C78,B78,"y")>=1,DATEDIF(C78,B78,"y")&IF(DATEDIF(C78,B78,"y")=1," year "," years ")&DATEDIF(C78,B78,"ym")&IF(DATEDIF(C78,B78,"ym")=1," month"," months"),IF(DATEDIF(C78,B78,"m")>=1,DATEDIF(C78,B78,"m")&IF(DATEDIF(C78,B78,"m")=1," month"," months"),DATEDIF(C78,B78,"d")&IF(DATEDIF(C78,B78,"d")=1," day"," days")))) | M78: =IFERROR(VLOOKUP(G78,Reference!$I$2:$J$175,2,FALSE()),"Operations") -> Operations
D79: =IF(OR(B79="",C79=""),"",IF(DATEDIF(C79,B79,"y")>=1,DATEDIF(C79,B79,"y")&IF(DATEDIF(C79,B79,"y")=1," year "," years ")&DATEDIF(C79,B79,"ym")&IF(DATEDIF(C79,B79,"ym")=1," month"," months"),IF(DATEDIF(C79,B79,"m")>=1,DATEDIF(C79,B79,"m")&IF(DATEDIF(C79,B79,"m")=1," month"," months"),DATEDIF(C79,B79,"d")&IF(DATEDIF(C79,B79,"d")=1," day"," days")))) | M79: =IFERROR(VLOOKUP(G79,Reference!$I$2:$J$175,2,FALSE()),"Operations") -> Operations
D80: =IF(OR(B80="",C80=""),"",IF(DATEDIF(C80,B80,"y")>=1,DATEDIF(C80,B80,"y")&IF(DATEDIF(C80,B80,"y")=1," year "," years ")&DATEDIF(C80,B80,"ym")&IF(DATEDIF(C80,B80,"ym")=1," month"," months"),IF(DATEDIF(C80,B80,"m")>=1,DATEDIF(C80,B80,"m")&IF(DATEDIF(C80,B80,"m")=1," month"," months"),DATEDIF(C80,B80,"d")&IF(DATEDIF(C80,B80,"d")=1," day"," days")))) | M80: =IFERROR(VLOOKUP(G80,Reference!$I$2:$J$175,2,FALSE()),"Operations") -> Operations
D81: =IF(OR(B81="",C81=""),"",IF(DATEDIF(C81,B81,"y")>=1,DATEDIF(C81,B81,"y")&IF(DATEDIF(C81,B81,"y")=1," year "," years ")&DATEDIF(C81,B81,"ym")&IF(DATEDIF(C81,B81,"ym")=1," month"," months"),IF(DATEDIF(C81,B81,"m")>=1,DATEDIF(C81,B81,"m")&IF(DATEDIF(C81,B81,"m")=1," month"," months"),DATEDIF(C81,B81,"d")&IF(DATEDIF(C81,B81,"d")=1," day"," days")))) | M81: =IFERROR(VLOOKUP(G81,Reference!$I$2:$J$175,2,FALSE()),"Operations") -> Operations
D82: =IF(OR(B82="",C82=""),"",IF(DATEDIF(C82,B82,"y")>=1,DATEDIF(C82,B82,"y")&IF(DATEDIF(C82,B82,"y")=1," year "," years ")&DATEDIF(C82,B82,"ym")&IF(DATEDIF(C82,B82,"ym")=1," month"," months"),IF(DATEDIF(C82,B82,"m")>=1,DATEDIF(C82,B82,"m")&IF(DATEDIF(C82,B82,"m")=1," month"," months"),DATEDIF(C82,B82,"d")&IF(DATEDIF(C82,B82,"d")=1," day"," days")))) | M82: =IFERROR(VLOOKUP(G82,Reference!$I$2:$J$175,2,FALSE()),"Operations") -> Operations
D83: =IF(OR(B83="",C83=""),"",IF(DATEDIF(C83,B83,"y")>=1,DATEDIF(C83,B83,"y")&IF(DATEDIF(C83,B83,"y")=1," year "," years ")&DATEDIF(C83,B83,"ym")&IF(DATEDIF(C83,B83,"ym")=1," month"," months"),IF(DATEDIF(C83,B83,"m")>=1,DATEDIF(C83,B83,"m")&IF(DATEDIF(C83,B83,"m")=1," month"," months"),DATEDIF(C83,B83,"d")&IF(DATEDIF(C83,B83,"d")=1," day"," days")))) | M83: =IFERROR(VLOOKUP(G83,Reference!$I$2:$J$175,2,FALSE()),"Operations") -> Operations
D84: =IF(OR(B84="",C84=""),"",IF(DATEDIF(C84,B84,"y")>=1,DATEDIF(C84,B84,"y")&IF(DATEDIF(C84,B84,"y")=1," year "," years ")&DATEDIF(C84,B84,"ym")&IF(DATEDIF(C84,B84,"ym")=1," month"," months"),IF(DATEDIF(C84,B84,"m")>=1,DATEDIF(C84,B84,"m")&IF(DATEDIF(C84,B84,"m")=1," month"," months"),DATEDIF(C84,B84,"d")&IF(DATEDIF(C84,B84,"d")=1," day"," days")))) | M84: =IFERROR(VLOOKUP(G84,Reference!$I$2:$J$175,2,FALSE()),"Operations") -> Operations
D85: =IF(OR(B85="",C85=""),"",IF(DATEDIF(C85,B85,"y")>=1,DATEDIF(C85,B85,"y")&IF(DATEDIF(C85,B85,"y")=1," year "," years ")&DATEDIF(C85,B85,"ym")&IF(DATEDIF(C85,B85,"ym")=1," month"," months"),IF(DATEDIF(C85,B85,"m")>=1,DATEDIF(C85,B85,"m")&IF(DATEDIF(C85,B85,"m")=1," month"," months"),DATEDIF(C85,B85,"d")&IF(DATEDIF(C85,B85,"d")=1," day"," days")))) | M85: =IFERROR(VLOOKUP(G85,Reference!$I$2:$J$175,2,FALSE()),"Operations") -> Operations
D86: =IF(OR(B86="",C86=""),"",IF(DATEDIF(C86,B86,"y")>=1,DATEDIF(C86,B86,"y")&IF(DATEDIF(C86,B86,"y")=1," year "," years ")&DATEDIF(C86,B86,"ym")&IF(DATEDIF(C86,B86,"ym")=1," month"," months"),IF(DATEDIF(C86,B86,"m")>=1,DATEDIF(C86,B86,"m")&IF(DATEDIF(C86,B86,"m")=1," month"," months"),DATEDIF(C86,B86,"d")&IF(DATEDIF(C86,B86,"d")=1," day"," days")))) | M86: =IFERROR(VLOOKUP(G86,Reference!$I$2:$J$175,2,FALSE()),"Operations") -> Operations
D87: =IF(OR(B87="",C87=""),"",IF(DATEDIF(C87,B87,"y")>=1,DATEDIF(C87,B87,"y")&IF(DATEDIF(C87,B87,"y")=1," year "," years ")&DATEDIF(C87,B87,"ym")&IF(DATEDIF(C87,B87,"ym")=1," month"," months"),IF(DATEDIF(C87,B87,"m")>=1,DATEDIF(C87,B87,"m")&IF(DATEDIF(C87,B87,"m")=1," month"," months"),DATEDIF(C87,B87,"d")&IF(DATEDIF(C87,B87,"d")=1," day"," days")))) | M87: =IFERROR(VLOOKUP(G87,Reference!$I$2:$J$175,2,FALSE()),"Operations") -> Operations
D88: =IF(OR(B88="",C88=""),"",IF(DATEDIF(C88,B88,"y")>=1,DATEDIF(C88,B88,"y")&IF(DATEDIF(C88,B88,"y")=1," year "," years ")&DATEDIF(C88,B88,"ym")&IF(DATEDIF(C88,B88,"ym")=1," month"," months"),IF(DATEDIF(C88,B88,"m")>=1,DATEDIF(C88,B88,"m")&IF(DATEDIF(C88,B88,"m")=1," month"," months"),DATEDIF(C88,B88,"d")&IF(DATEDIF(C88,B88,"d")=1," day"," days")))) | M88: =IFERROR(VLOOKUP(G88,Reference!$I$2:$J$175,2,FALSE()),"Operations") -> Operations
... D106: =IF(OR(B106="",C106=""),"",IF(DATEDIF(C106,B106,"y")>=1,DATEDIF(C106,B106,"y")&IF(DATEDIF(C106,B106,"y")=1," year "," years ")&DATEDIF(C106,B106,"ym")&IF(DATEDIF(C106,B106,"ym")=1," month"," months"),IF(DATEDIF(C106,B106,"m")>=1,DATEDIF(C106,B106,"m")&IF(DATEDIF(C106,B106,"m")=1," month"," months"),DATEDIF(C106,B106,"d")&IF(DATEDIF(C106,B106,"d")=1," day"," days")))) | M106: =IFERROR(VLOOKUP(G106,Reference!$I$2:$J$175,2,FALSE()),"Operations") -> Operations
A107: SUBTOTAL: | B107: =COUNTA(A77:A106) -> 0
A109: APRIL 2027
A110: Name | B110: Date of Separation | C110: DOH | D110: Length of Service | E110: Eligible for Rehire | F110: Status | G110: Location | H110: Reason for Leaving | I110: Supervisor | J110: Exit Interview Date | K110: Job | L110: Comments | M110: Department
D111: =IF(OR(B111="",C111=""),"",IF(DATEDIF(C111,B111,"y")>=1,DATEDIF(C111,B111,"y")&IF(DATEDIF(C111,B111,"y")=1," year "," years ")&DATEDIF(C111,B111,"ym")&IF(DATEDIF(C111,B111,"ym")=1," month"," months"),IF(DATEDIF(C111,B111,"m")>=1,DATEDIF(C111,B111,"m")&IF(DATEDIF(C111,B111,"m")=1," month"," months"),DATEDIF(C111,B111,"d")&IF(DATEDIF(C111,B111,"d")=1," day"," days")))) | M111: =IFERROR(VLOOKUP(G111,Reference!$I$2:$J$175,2,FALSE()),"Operations") -> Operations
D112: =IF(OR(B112="",C112=""),"",IF(DATEDIF(C112,B112,"y")>=1,DATEDIF(C112,B112,"y")&IF(DATEDIF(C112,B112,"y")=1," year "," years ")&DATEDIF(C112,B112,"ym")&IF(DATEDIF(C112,B112,"ym")=1," month"," months"),IF(DATEDIF(C112,B112,"m")>=1,DATEDIF(C112,B112,"m")&IF(DATEDIF(C112,B112,"m")=1," month"," months"),DATEDIF(C112,B112,"d")&IF(DATEDIF(C112,B112,"d")=1," day"," days")))) | M112: =IFERROR(VLOOKUP(G112,Reference!$I$2:$J$175,2,FALSE()),"Operations") -> Operations
D113: =IF(OR(B113="",C113=""),"",IF(DATEDIF(C113,B113,"y")>=1,DATEDIF(C113,B113,"y")&IF(DATEDIF(C113,B113,"y")=1," year "," years ")&DATEDIF(C113,B113,"ym")&IF(DATEDIF(C113,B113,"ym")=1," month"," months"),IF(DATEDIF(C113,B113,"m")>=1,DATEDIF(C113,B113,"m")&IF(DATEDIF(C113,B113,"m")=1," month"," months"),DATEDIF(C113,B113,"d")&IF(DATEDIF(C113,B113,"d")=1," day"," days")))) | M113: =IFERROR(VLOOKUP(G113,Reference!$I$2:$J$175,2,FALSE()),"Operations") -> Operations
D114: =IF(OR(B114="",C114=""),"",IF(DATEDIF(C114,B114,"y")>=1,DATEDIF(C114,B114,"y")&IF(DATEDIF(C114,B114,"y")=1," year "," years ")&DATEDIF(C114,B114,"ym")&IF(DATEDIF(C114,B114,"ym")=1," month"," months"),IF(DATEDIF(C114,B114,"m")>=1,DATEDIF(C114,B114,"m")&IF(DATEDIF(C114,B114,"m")=1," month"," months"),DATEDIF(C114,B114,"d")&IF(DATEDIF(C114,B114,"d")=1," day"," days")))) | M114: =IFERROR(VLOOKUP(G114,Reference!$I$2:$J$175,2,FALSE()),"Operations") -> Operations
D115: =IF(OR(B115="",C115=""),"",IF(DATEDIF(C115,B115,"y")>=1,DATEDIF(C115,B115,"y")&IF(DATEDIF(C115,B115,"y")=1," year "," years ")&DATEDIF(C115,B115,"ym")&IF(DATEDIF(C115,B115,"ym")=1," month"," months"),IF(DATEDIF(C115,B115,"m")>=1,DATEDIF(C115,B115,"m")&IF(DATEDIF(C115,B115,"m")=1," month"," months"),DATEDIF(C115,B115,"d")&IF(DATEDIF(C115,B115,"d")=1," day"," days")))) | M115: =IFERROR(VLOOKUP(G115,Reference!$I$2:$J$175,2,FALSE()),"Operations") -> Operations
D116: =IF(OR(B116="",C116=""),"",IF(DATEDIF(C116,B116,"y")>=1,DATEDIF(C116,B116,"y")&IF(DATEDIF(C116,B116,"y")=1," year "," years ")&DATEDIF(C116,B116,"ym")&IF(DATEDIF(C116,B116,"ym")=1," month"," months"),IF(DATEDIF(C116,B116,"m")>=1,DATEDIF(C116,B116,"m")&IF(DATEDIF(C116,B116,"m")=1," month"," months"),DATEDIF(C116,B116,"d")&IF(DATEDIF(C116,B116,"d")=1," day"," days")))) | M116: =IFERROR(VLOOKUP(G116,Reference!$I$2:$J$175,2,FALSE()),"Operations") -> Operations
D117: =IF(OR(B117="",C117=""),"",IF(DATEDIF(C117,B117,"y")>=1,DATEDIF(C117,B117,"y")&IF(DATEDIF(C117,B117,"y")=1," year "," years ")&DATEDIF(C117,B117,"ym")&IF(DATEDIF(C117,B117,"ym")=1," month"," months"),IF(DATEDIF(C117,B117,"m")>=1,DATEDIF(C117,B117,"m")&IF(DATEDIF(C117,B117,"m")=1," month"," months"),DATEDIF(C117,B117,"d")&IF(DATEDIF(C117,B117,"d")=1," day"," days")))) | M117: =IFERROR(VLOOKUP(G117,Reference!$I$2:$J$175,2,FALSE()),"Operations") -> Operations
D118: =IF(OR(B118="",C118=""),"",IF(DATEDIF(C118,B118,"y")>=1,DATEDIF(C118,B118,"y")&IF(DATEDIF(C118,B118,"y")=1," year "," years ")&DATEDIF(C118,B118,"ym")&IF(DATEDIF(C118,B118,"ym")=1," month"," months"),IF(DATEDIF(C118,B118,"m")>=1,DATEDIF(C118,B118,"m")&IF(DATEDIF(C118,B118,"m")=1," month"," months"),DATEDIF(C118,B118,"d")&IF(DATEDIF(C118,B118,"d")=1," day"," days")))) | M118: =IFERROR(VLOOKUP(G118,Reference!$I$2:$J$175,2,FALSE()),"Operations") -> Operations
D119: =IF(OR(B119="",C119=""),"",IF(DATEDIF(C119,B119,"y")>=1,DATEDIF(C119,B119,"y")&IF(DATEDIF(C119,B119,"y")=1," year "," years ")&DATEDIF(C119,B119,"ym")&IF(DATEDIF(C119,B119,"ym")=1," month"," months"),IF(DATEDIF(C119,B119,"m")>=1,DATEDIF(C119,B119,"m")&IF(DATEDIF(C119,B119,"m")=1," month"," months"),DATEDIF(C119,B119,"d")&IF(DATEDIF(C119,B119,"d")=1," day"," days")))) | M119: =IFERROR(VLOOKUP(G119,Reference!$I$2:$J$175,2,FALSE()),"Operations") -> Operations
D120: =IF(OR(B120="",C120=""),"",IF(DATEDIF(C120,B120,"y")>=1,DATEDIF(C120,B120,"y")&IF(DATEDIF(C120,B120,"y")=1," year "," years ")&DATEDIF(C120,B120,"ym")&IF(DATEDIF(C120,B120,"ym")=1," month"," months"),IF(DATEDIF(C120,B120,"m")>=1,DATEDIF(C120,B120,"m")&IF(DATEDIF(C120,B120,"m")=1," month"," months"),DATEDIF(C120,B120,"d")&IF(DATEDIF(C120,B120,"d")=1," day"," days")))) | M120: =IFERROR(VLOOKUP(G120,Reference!$I$2:$J$175,2,FALSE()),"Operations") -> Operations
D121: =IF(OR(B121="",C121=""),"",IF(DATEDIF(C121,B121,"y")>=1,DATEDIF(C121,B121,"y")&IF(DATEDIF(C121,B121,"y")=1," year "," years ")&DATEDIF(C121,B121,"ym")&IF(DATEDIF(C121,B121,"ym")=1," month"," months"),IF(DATEDIF(C121,B121,"m")>=1,DATEDIF(C121,B121,"m")&IF(DATEDIF(C121,B121,"m")=1," month"," months"),DATEDIF(C121,B121,"d")&IF(DATEDIF(C121,B121,"d")=1," day"," days")))) | M121: =IFERROR(VLOOKUP(G121,Reference!$I$2:$J$175,2,FALSE()),"Operations") -> Operations
D122: =IF(OR(B122="",C122=""),"",IF(DATEDIF(C122,B122,"y")>=1,DATEDIF(C122,B122,"y")&IF(DATEDIF(C122,B122,"y")=1," year "," years ")&DATEDIF(C122,B122,"ym")&IF(DATEDIF(C122,B122,"ym")=1," month"," months"),IF(DATEDIF(C122,B122,"m")>=1,DATEDIF(C122,B122,"m")&IF(DATEDIF(C122,B122,"m")=1," month"," months"),DATEDIF(C122,B122,"d")&IF(DATEDIF(C122,B122,"d")=1," day"," days")))) | M122: =IFERROR(VLOOKUP(G122,Reference!$I$2:$J$175,2,FALSE()),"Operations") -> Operations
... D140: =IF(OR(B140="",C140=""),"",IF(DATEDIF(C140,B140,"y")>=1,DATEDIF(C140,B140,"y")&IF(DATEDIF(C140,B140,"y")=1," year "," years ")&DATEDIF(C140,B140,"ym")&IF(DATEDIF(C140,B140,"ym")=1," month"," months"),IF(DATEDIF(C140,B140,"m")>=1,DATEDIF(C140,B140,"m")&IF(DATEDIF(C140,B140,"m")=1," month"," months"),DATEDIF(C140,B140,"d")&IF(DATEDIF(C140,B140,"d")=1," day"," days")))) | M140: =IFERROR(VLOOKUP(G140,Reference!$I$2:$J$175,2,FALSE()),"Operations") -> Operations
A141: SUBTOTAL: | B141: =COUNTA(A111:A140) -> 0
A143: MAY 2027
A144: Name | B144: Date of Separation | C144: DOH | D144: Length of Service | E144: Eligible for Rehire | F144: Status | G144: Location | H144: Reason for Leaving | I144: Supervisor | J144: Exit Interview Date | K144: Job | L144: Comments | M144: Department
D145: =IF(OR(B145="",C145=""),"",IF(DATEDIF(C145,B145,"y")>=1,DATEDIF(C145,B145,"y")&IF(DATEDIF(C145,B145,"y")=1," year "," years ")&DATEDIF(C145,B145,"ym")&IF(DATEDIF(C145,B145,"ym")=1," month"," months"),IF(DATEDIF(C145,B145,"m")>=1,DATEDIF(C145,B145,"m")&IF(DATEDIF(C145,B145,"m")=1," month"," months"),DATEDIF(C145,B145,"d")&IF(DATEDIF(C145,B145,"d")=1," day"," days")))) | M145: =IFERROR(VLOOKUP(G145,Reference!$I$2:$J$175,2,FALSE()),"Operations") -> Operations
D146: =IF(OR(B146="",C146=""),"",IF(DATEDIF(C146,B146,"y")>=1,DATEDIF(C146,B146,"y")&IF(DATEDIF(C146,B146,"y")=1," year "," years ")&DATEDIF(C146,B146,"ym")&IF(DATEDIF(C146,B146,"ym")=1," month"," months"),IF(DATEDIF(C146,B146,"m")>=1,DATEDIF(C146,B146,"m")&IF(DATEDIF(C146,B146,"m")=1," month"," months"),DATEDIF(C146,B146,"d")&IF(DATEDIF(C146,B146,"d")=1," day"," days")))) | M146: =IFERROR(VLOOKUP(G146,Reference!$I$2:$J$175,2,FALSE()),"Operations") -> Operations
D147: =IF(OR(B147="",C147=""),"",IF(DATEDIF(C147,B147,"y")>=1,DATEDIF(C147,B147,"y")&IF(DATEDIF(C147,B147,"y")=1," year "," years ")&DATEDIF(C147,B147,"ym")&IF(DATEDIF(C147,B147,"ym")=1," month"," months"),IF(DATEDIF(C147,B147,"m")>=1,DATEDIF(C147,B147,"m")&IF(DATEDIF(C147,B147,"m")=1," month"," months"),DATEDIF(C147,B147,"d")&IF(DATEDIF(C147,B147,"d")=1," day"," days")))) | M147: =IFERROR(VLOOKUP(G147,Reference!$I$2:$J$175,2,FALSE()),"Operations") -> Operations
D148: =IF(OR(B148="",C148=""),"",IF(DATEDIF(C148,B148,"y")>=1,DATEDIF(C148,B148,"y")&IF(DATEDIF(C148,B148,"y")=1," year "," years ")&DATEDIF(C148,B148,"ym")&IF(DATEDIF(C148,B148,"ym")=1," month"," months"),IF(DATEDIF(C148,B148,"m")>=1,DATEDIF(C148,B148,"m")&IF(DATEDIF(C148,B148,"m")=1," month"," months"),DATEDIF(C148,B148,"d")&IF(DATEDIF(C148,B148,"d")=1," day"," days")))) | M148: =IFERROR(VLOOKUP(G148,Reference!$I$2:$J$175,2,FALSE()),"Operations") -> Operations
D149: =IF(OR(B149="",C149=""),"",IF(DATEDIF(C149,B149,"y")>=1,DATEDIF(C149,B149,"y")&IF(DATEDIF(C149,B149,"y")=1," year "," years ")&DATEDIF(C149,B149,"ym")&IF(DATEDIF(C149,B149,"ym")=1," month"," months"),IF(DATEDIF(C149,B149,"m")>=1,DATEDIF(C149,B149,"m")&IF(DATEDIF(C149,B149,"m")=1," month"," months"),DATEDIF(C149,B149,"d")&IF(DATEDIF(C149,B149,"d")=1," day"," days")))) | M149: =IFERROR(VLOOKUP(G149,Reference!$I$2:$J$175,2,FALSE()),"Operations") -> Operations
D150: =IF(OR(B150="",C150=""),"",IF(DATEDIF(C150,B150,"y")>=1,DATEDIF(C150,B150,"y")&IF(DATEDIF(C150,B150,"y")=1," year "," years ")&DATEDIF(C150,B150,"ym")&IF(DATEDIF(C150,B150,"ym")=1," month"," months"),IF(DATEDIF(C150,B150,"m")>=1,DATEDIF(C150,B150,"m")&IF(DATEDIF(C150,B150,"m")=1," month"," months"),DATEDIF(C150,B150,"d")&IF(DATEDIF(C150,B150,"d")=1," day"," days")))) | M150: =IFERROR(VLOOKUP(G150,Reference!$I$2:$J$175,2,FALSE()),"Operations") -> Operations
D151: =IF(OR(B151="",C151=""),"",IF(DATEDIF(C151,B151,"y")>=1,DATEDIF(C151,B151,"y")&IF(DATEDIF(C151,B151,"y")=1," year "," years ")&DATEDIF(C151,B151,"ym")&IF(DATEDIF(C151,B151,"ym")=1," month"," months"),IF(DATEDIF(C151,B151,"m")>=1,DATEDIF(C151,B151,"m")&IF(DATEDIF(C151,B151,"m")=1," month"," months"),DATEDIF(C151,B151,"d")&IF(DATEDIF(C151,B151,"d")=1," day"," days")))) | M151: =IFERROR(VLOOKUP(G151,Reference!$I$2:$J$175,2,FALSE()),"Operations") -> Operations
D152: =IF(OR(B152="",C152=""),"",IF(DATEDIF(C152,B152,"y")>=1,DATEDIF(C152,B152,"y")&IF(DATEDIF(C152,B152,"y")=1," year "," years ")&DATEDIF(C152,B152,"ym")&IF(DATEDIF(C152,B152,"ym")=1," month"," months"),IF(DATEDIF(C152,B152,"m")>=1,DATEDIF(C152,B152,"m")&IF(DATEDIF(C152,B152,"m")=1," month"," months"),DATEDIF(C152,B152,"d")&IF(DATEDIF(C152,B152,"d")=1," day"," days")))) | M152: =IFERROR(VLOOKUP(G152,Reference!$I$2:$J$175,2,FALSE()),"Operations") -> Operations
D153: =IF(OR(B153="",C153=""),"",IF(DATEDIF(C153,B153,"y")>=1,DATEDIF(C153,B153,"y")&IF(DATEDIF(C153,B153,"y")=1," year "," years ")&DATEDIF(C153,B153,"ym")&IF(DATEDIF(C153,B153,"ym")=1," month"," months"),IF(DATEDIF(C153,B153,"m")>=1,DATEDIF(C153,B153,"m")&IF(DATEDIF(C153,B153,"m")=1," month"," months"),DATEDIF(C153,B153,"d")&IF(DATEDIF(C153,B153,"d")=1," day"," days")))) | M153: =IFERROR(VLOOKUP(G153,Reference!$I$2:$J$175,2,FALSE()),"Operations") -> Operations
D154: =IF(OR(B154="",C154=""),"",IF(DATEDIF(C154,B154,"y")>=1,DATEDIF(C154,B154,"y")&IF(DATEDIF(C154,B154,"y")=1," year "," years ")&DATEDIF(C154,B154,"ym")&IF(DATEDIF(C154,B154,"ym")=1," month"," months"),IF(DATEDIF(C154,B154,"m")>=1,DATEDIF(C154,B154,"m")&IF(DATEDIF(C154,B154,"m")=1," month"," months"),DATEDIF(C154,B154,"d")&IF(DATEDIF(C154,B154,"d")=1," day"," days")))) | M154: =IFERROR(VLOOKUP(G154,Reference!$I$2:$J$175,2,FALSE()),"Operations") -> Operations
D155: =IF(OR(B155="",C155=""),"",IF(DATEDIF(C155,B155,"y")>=1,DATEDIF(C155,B155,"y")&IF(DATEDIF(C155,B155,"y")=1," year "," years ")&DATEDIF(C155,B155,"ym")&IF(DATEDIF(C155,B155,"ym")=1," month"," months"),IF(DATEDIF(C155,B155,"m")>=1,DATEDIF(C155,B155,"m")&IF(DATEDIF(C155,B155,"m")=1," month"," months"),DATEDIF(C155,B155,"d")&IF(DATEDIF(C155,B155,"d")=1," day"," days")))) | M155: =IFERROR(VLOOKUP(G155,Reference!$I$2:$J$175,2,FALSE()),"Operations") -> Operations
D156: =IF(OR(B156="",C156=""),"",IF(DATEDIF(C156,B156,"y")>=1,DATEDIF(C156,B156,"y")&IF(DATEDIF(C156,B156,"y")=1," year "," years ")&DATEDIF(C156,B156,"ym")&IF(DATEDIF(C156,B156,"ym")=1," month"," months"),IF(DATEDIF(C156,B156,"m")>=1,DATEDIF(C156,B156,"m")&IF(DATEDIF(C156,B156,"m")=1," month"," months"),DATEDIF(C156,B156,"d")&IF(DATEDIF(C156,B156,"d")=1," day"," days")))) | M156: =IFERROR(VLOOKUP(G156,Reference!$I$2:$J$175,2,FALSE()),"Operations") -> Operations
... D174: =IF(OR(B174="",C174=""),"",IF(DATEDIF(C174,B174,"y")>=1,DATEDIF(C174,B174,"y")&IF(DATEDIF(C174,B174,"y")=1," year "," years ")&DATEDIF(C174,B174,"ym")&IF(DATEDIF(C174,B174,"ym")=1," month"," months"),IF(DATEDIF(C174,B174,"m")>=1,DATEDIF(C174,B174,"m")&IF(DATEDIF(C174,B174,"m")=1," month"," months"),DATEDIF(C174,B174,"d")&IF(DATEDIF(C174,B174,"d")=1," day"," days")))) | M174: =IFERROR(VLOOKUP(G174,Reference!$I$2:$J$175,2,FALSE()),"Operations") -> Operations
A175: SUBTOTAL: | B175: =COUNTA(A145:A174) -> 0
A177: JUNE 2027
A178: Name | B178: Date of Separation | C178: DOH | D178: Length of Service | E178: Eligible for Rehire | F178: Status | G178: Location | H178: Reason for Leaving | I178: Supervisor | J178: Exit Interview Date | K178: Job | L178: Comments | M178: Department
D179: =IF(OR(B179="",C179=""),"",IF(DATEDIF(C179,B179,"y")>=1,DATEDIF(C179,B179,"y")&IF(DATEDIF(C179,B179,"y")=1," year "," years ")&DATEDIF(C179,B179,"ym")&IF(DATEDIF(C179,B179,"ym")=1," month"," months"),IF(DATEDIF(C179,B179,"m")>=1,DATEDIF(C179,B179,"m")&IF(DATEDIF(C179,B179,"m")=1," month"," months"),DATEDIF(C179,B179,"d")&IF(DATEDIF(C179,B179,"d")=1," day"," days")))) | M179: =IFERROR(VLOOKUP(G179,Reference!$I$2:$J$175,2,FALSE()),"Operations") -> Operations
D180: =IF(OR(B180="",C180=""),"",IF(DATEDIF(C180,B180,"y")>=1,DATEDIF(C180,B180,"y")&IF(DATEDIF(C180,B180,"y")=1," year "," years ")&DATEDIF(C180,B180,"ym")&IF(DATEDIF(C180,B180,"ym")=1," month"," months"),IF(DATEDIF(C180,B180,"m")>=1,DATEDIF(C180,B180,"m")&IF(DATEDIF(C180,B180,"m")=1," month"," months"),DATEDIF(C180,B180,"d")&IF(DATEDIF(C180,B180,"d")=1," day"," days")))) | M180: =IFERROR(VLOOKUP(G180,Reference!$I$2:$J$175,2,FALSE()),"Operations") -> Operations
D181: =IF(OR(B181="",C181=""),"",IF(DATEDIF(C181,B181,"y")>=1,DATEDIF(C181,B181,"y")&IF(DATEDIF(C181,B181,"y")=1," year "," years ")&DATEDIF(C181,B181,"ym")&IF(DATEDIF(C181,B181,"ym")=1," month"," months"),IF(DATEDIF(C181,B181,"m")>=1,DATEDIF(C181,B181,"m")&IF(DATEDIF(C181,B181,"m")=1," month"," months"),DATEDIF(C181,B181,"d")&IF(DATEDIF(C181,B181,"d")=1," day"," days")))) | M181: =IFERROR(VLOOKUP(G181,Reference!$I$2:$J$175,2,FALSE()),"Operations") -> Operations
D182: =IF(OR(B182="",C182=""),"",IF(DATEDIF(C182,B182,"y")>=1,DATEDIF(C182,B182,"y")&IF(DATEDIF(C182,B182,"y")=1," year "," years ")&DATEDIF(C182,B182,"ym")&IF(DATEDIF(C182,B182,"ym")=1," month"," months"),IF(DATEDIF(C182,B182,"m")>=1,DATEDIF(C182,B182,"m")&IF(DATEDIF(C182,B182,"m")=1," month"," months"),DATEDIF(C182,B182,"d")&IF(DATEDIF(C182,B182,"d")=1," day"," days")))) | M182: =IFERROR(VLOOKUP(G182,Reference!$I$2:$J$175,2,FALSE()),"Operations") -> Operations
D183: =IF(OR(B183="",C183=""),"",IF(DATEDIF(C183,B183,"y")>=1,DATEDIF(C183,B183,"y")&IF(DATEDIF(C183,B183,"y")=1," year "," years ")&DATEDIF(C183,B183,"ym")&IF(DATEDIF(C183,B183,"ym")=1," month"," months"),IF(DATEDIF(C183,B183,"m")>=1,DATEDIF(C183,B183,"m")&IF(DATEDIF(C183,B183,"m")=1," month"," months"),DATEDIF(C183,B183,"d")&IF(DATEDIF(C183,B183,"d")=1," day"," days")))) | M183: =IFERROR(VLOOKUP(G183,Reference!$I$2:$J$175,2,FALSE()),"Operations") -> Operations
D184: =IF(OR(B184="",C184=""),"",IF(DATEDIF(C184,B184,"y")>=1,DATEDIF(C184,B184,"y")&IF(DATEDIF(C184,B184,"y")=1," year "," years ")&DATEDIF(C184,B184,"ym")&IF(DATEDIF(C184,B184,"ym")=1," month"," months"),IF(DATEDIF(C184,B184,"m")>=1,DATEDIF(C184,B184,"m")&IF(DATEDIF(C184,B184,"m")=1," month"," months"),DATEDIF(C184,B184,"d")&IF(DATEDIF(C184,B184,"d")=1," day"," days")))) | M184: =IFERROR(VLOOKUP(G184,Reference!$I$2:$J$175,2,FALSE()),"Operations") -> Operations
D185: =IF(OR(B185="",C185=""),"",IF(DATEDIF(C185,B185,"y")>=1,DATEDIF(C185,B185,"y")&IF(DATEDIF(C185,B185,"y")=1," year "," years ")&DATEDIF(C185,B185,"ym")&IF(DATEDIF(C185,B185,"ym")=1," month"," months"),IF(DATEDIF(C185,B185,"m")>=1,DATEDIF(C185,B185,"m")&IF(DATEDIF(C185,B185,"m")=1," month"," months"),DATEDIF(C185,B185,"d")&IF(DATEDIF(C185,B185,"d")=1," day"," days")))) | M185: =IFERROR(VLOOKUP(G185,Reference!$I$2:$J$175,2,FALSE()),"Operations") -> Operations
D186: =IF(OR(B186="",C186=""),"",IF(DATEDIF(C186,B186,"y")>=1,DATEDIF(C186,B186,"y")&IF(DATEDIF(C186,B186,"y")=1," year "," years ")&DATEDIF(C186,B186,"ym")&IF(DATEDIF(C186,B186,"ym")=1," month"," months"),IF(DATEDIF(C186,B186,"m")>=1,DATEDIF(C186,B186,"m")&IF(DATEDIF(C186,B186,"m")=1," month"," months"),DATEDIF(C186,B186,"d")&IF(DATEDIF(C186,B186,"d")=1," day"," days")))) | M186: =IFERROR(VLOOKUP(G186,Reference!$I$2:$J$175,2,FALSE()),"Operations") -> Operations
D187: =IF(OR(B187="",C187=""),"",IF(DATEDIF(C187,B187,"y")>=1,DATEDIF(C187,B187,"y")&IF(DATEDIF(C187,B187,"y")=1," year "," years ")&DATEDIF(C187,B187,"ym")&IF(DATEDIF(C187,B187,"ym")=1," month"," months"),IF(DATEDIF(C187,B187,"m")>=1,DATEDIF(C187,B187,"m")&IF(DATEDIF(C187,B187,"m")=1," month"," months"),DATEDIF(C187,B187,"d")&IF(DATEDIF(C187,B187,"d")=1," day"," days")))) | M187: =IFERROR(VLOOKUP(G187,Reference!$I$2:$J$175,2,FALSE()),"Operations") -> Operations
D188: =IF(OR(B188="",C188=""),"",IF(DATEDIF(C188,B188,"y")>=1,DATEDIF(C188,B188,"y")&IF(DATEDIF(C188,B188,"y")=1," year "," years ")&DATEDIF(C188,B188,"ym")&IF(DATEDIF(C188,B188,"ym")=1," month"," months"),IF(DATEDIF(C188,B188,"m")>=1,DATEDIF(C188,B188,"m")&IF(DATEDIF(C188,B188,"m")=1," month"," months"),DATEDIF(C188,B188,"d")&IF(DATEDIF(C188,B188,"d")=1," day"," days")))) | M188: =IFERROR(VLOOKUP(G188,Reference!$I$2:$J$175,2,FALSE()),"Operations") -> Operations
D189: =IF(OR(B189="",C189=""),"",IF(DATEDIF(C189,B189,"y")>=1,DATEDIF(C189,B189,"y")&IF(DATEDIF(C189,B189,"y")=1," year "," years ")&DATEDIF(C189,B189,"ym")&IF(DATEDIF(C189,B189,"ym")=1," month"," months"),IF(DATEDIF(C189,B189,"m")>=1,DATEDIF(C189,B189,"m")&IF(DATEDIF(C189,B189,"m")=1," month"," months"),DATEDIF(C189,B189,"d")&IF(DATEDIF(C189,B189,"d")=1," day"," days")))) | M189: =IFERROR(VLOOKUP(G189,Reference!$I$2:$J$175,2,FALSE()),"Operations") -> Operations
D190: =IF(OR(B190="",C190=""),"",IF(DATEDIF(C190,B190,"y")>=1,DATEDIF(C190,B190,"y")&IF(DATEDIF(C190,B190,"y")=1," year "," years ")&DATEDIF(C190,B190,"ym")&IF(DATEDIF(C190,B190,"ym")=1," month"," months"),IF(DATEDIF(C190,B190,"m")>=1,DATEDIF(C190,B190,"m")&IF(DATEDIF(C190,B190,"m")=1," month"," months"),DATEDIF(C190,B190,"d")&IF(DATEDIF(C190,B190,"d")=1," day"," days")))) | M190: =IFERROR(VLOOKUP(G190,Reference!$I$2:$J$175,2,FALSE()),"Operations") -> Operations
... D208: =IF(OR(B208="",C208=""),"",IF(DATEDIF(C208,B208,"y")>=1,DATEDIF(C208,B208,"y")&IF(DATEDIF(C208,B208,"y")=1," year "," years ")&DATEDIF(C208,B208,"ym")&IF(DATEDIF(C208,B208,"ym")=1," month"," months"),IF(DATEDIF(C208,B208,"m")>=1,DATEDIF(C208,B208,"m")&IF(DATEDIF(C208,B208,"m")=1," month"," months"),DATEDIF(C208,B208,"d")&IF(DATEDIF(C208,B208,"d")=1," day"," days")))) | M208: =IFERROR(VLOOKUP(G208,Reference!$I$2:$J$175,2,FALSE()),"Operations") -> Operations
A209: SUBTOTAL: | B209: =COUNTA(A179:A208) -> 0
A211: JULY 2027
...

Sheet FY 2026 (Jan26-Dec26)
A2: EMPLOYEE SEPARATION SUMMARY — FY 2026
A3: January 2026 — December 2026 | Emory Valley Center
A5: Active Employees: | B5: 366 | D5: YTD Separations: | E5: =B18+B33+B51+B85+B119+B153+B187+B221+B255+B289+B323+B357 -> 35 | G5: TOR %: | H5: =IF(B5=0,0,E5/B5) -> 0.095628415
A7: JANUARY 2026
A8: Name | B8: Date of Separation | C8: DOH | D8: Length of Service | E8: Eligible for Rehire | F8: Status | G8: Location | H8: Reason for Leaving | I8: Supervisor | J8: Exit Interview Date | K8: Job | L8: Comments | M8: Department
A9: Jackie Ross | B9: 46035 | C9: 44655 | D9: =IF(OR(B9="",C9=""),"",IF(DATEDIF(C9,B9,"y")>=1,DATEDIF(C9,B9,"y")&IF(DATEDIF(C9,B9,"y")=1," year "," years ")&DATEDIF(C9,B9,"ym")&IF(DATEDIF(C9,B9,"ym")=1," month"," months"),IF(DATEDIF(C9,B9,"m")>=1,DATEDIF(C9,B9,"m")&IF(DATEDIF(C9,B9,"m")=1," month"," months"),DATEDIF(C9,B9,"d")&IF(DATEDIF(C9,B9,"d")=1," day"," days")))) -> 3 years 9 months | E9: No | F9: D | G9: Livingston | H9: Termination | I9: Kasey Foster | J9: N/A | K9: DSP | M9: =IFERROR(VLOOKUP(G9,Reference!$I$2:$J$175,2,FALSE()),"Operations") -> Operations
A10: Elizabeth Hawkins | B10: 46037 | C10: 42660 | D10: =IF(OR(B10="",C10=""),"",IF(DATEDIF(C10,B10,"y")>=1,DATEDIF(C10,B10,"y")&IF(DATEDIF(C10,B10,"y")=1," year "," years ")&DATEDIF(C10,B10,"ym")&IF(DATEDIF(C10,B10,"ym")=1," month"," months"),IF(DATEDIF(C10,B10,"m")>=1,DATEDIF(C10,B10,"m")&IF(DATEDIF(C10,B10,"m")=1," month"," months"),DATEDIF(C10,B10,"d")&IF(DATEDIF(C10,B10,"d")=1," day"," days")))) -> 9 years 2 months | E10: Yes | F10: D | G10: Quality Assurance | H10: Better Opportunity | I10: Kristen Otto | J10: 46037 | K10: QA | M10: =IFERROR(VLOOKUP(G10,Reference!$I$2:$J$175,2,FALSE()),"Operations") -> QA
A11: Michaela Smith | B11: 46038 | C11: 45054 | D11: =IF(OR(B11="",C11=""),"",IF(DATEDIF(C11,B11,"y")>=1,DATEDIF(C11,B11,"y")&IF(DATEDIF(C11,B11,"y")=1," year "," years ")&DATEDIF(C11,B11,"ym")&IF(DATEDIF(C11,B11,"ym")=1," month"," months"),IF(DATEDIF(C11,B11,"m")>=1,DATEDIF(C11,B11,"m")&IF(DATEDIF(C11,B11,"m")=1," month"," months"),DATEDIF(C11,B11,"d")&IF(DATEDIF(C11,B11,"d")=1," day"," days")))) -> 2 years 8 months | E11: Yes | F11: D | G11: Hamiltons | H11: Personal Reasons | I11: Catie Robinson | J11: 46039 | K11: HM | M11: =IFERROR(VLOOKUP(G11,Reference!$I$2:$J$175,2,FALSE()),"Operations") -> Operations
A12: Beverly Hines | B12: 46038 | C12: 44369 | D12: =IF(OR(B12="",C12=""),"",IF(DATEDIF(C12,B12,"y")>=1,DATEDIF(C12,B12,"y")&IF(DATEDIF(C12,B12,"y")=1," year "," years ")&DATEDIF(C12,B12,"ym")&IF(DATEDIF(C12,B12,"ym")=1," month"," months"),IF(DATEDIF(C12,B12,"m")>=1,DATEDIF(C12,B12,"m")&IF(DATEDIF(C12,B12,"m")=1," month"," months"),DATEDIF(C12,B12,"d")&IF(DATEDIF(C12,B12,"d")=1," day"," days")))) -> 4 years 6 months | E12: No | F12: U | G12: Case Management | H12: Other | I12: Amanda Tackett | J12: No Response | K12: CM | M12: =IFERROR(VLOOKUP(G12,Reference!$I$2:$J$175,2,FALSE()),"Operations") -> Professional Services
A13: Michael Hurd | B13: 46044 | C13: 45404 | D13: =IF(OR(B13="",C13=""),"",IF(DATEDIF(C13,B13,"y")>=1,DATEDIF(C13,B13,"y")&IF(DATEDIF(C13,B13,"y")=1," year "," years ")&DATEDIF(C13,B13,"ym")&IF(DATEDIF(C13,B13,"ym")=1," month"," months"),IF(DATEDIF(C13,B13,"m")>=1,DATEDIF(C13,B13,"m")&IF(DATEDIF(C13,B13,"m")=1," month"," months"),DATEDIF(C13,B13,"d")&IF(DATEDIF(C13,B13,"d")=1," day"," days")))) -> 1 year 9 months | E13: No | F13: U | G13: 2292 Turnpike | H13: Other | I13: Sarah Allen | J13: N/A | K13: DSP | M13: =IFERROR(VLOOKUP(G13,Reference!$I$2:$J$175,2,FALSE()),"Operations") -> Operations
A14: Baylee Stewart | B14: 46044 | C14: 45958 | D14: =IF(OR(B14="",C14=""),"",IF(DATEDIF(C14,B14,"y")>=1,DATEDIF(C14,B14,"y")&IF(DATEDIF(C14,B14,"y")=1," year "," years ")&DATEDIF(C14,B14,"ym")&IF(DATEDIF(C14,B14,"ym")=1," month"," months"),IF(DATEDIF(C14,B14,"m")>=1,DATEDIF(C14,B14,"m")&IF(DATEDIF(C14,B14,"m")=1," month"," months"),DATEDIF(C14,B14,"d")&IF(DATEDIF(C14,B14,"d")=1," day"," days")))) -> 2 months | E14: No | F14: U | G14: 200 Latimer | H14: Termination | I14: Kasey Foster | J14: N/A | K14: DSP | M14: =IFERROR(VLOOKUP(G14,Reference!$I$2:$J$175,2,FALSE()),"Operations") -> Operations
A15: Craig Varner | B15: 46051 | C15: 45082 | D15: =IF(OR(B15="",C15=""),"",IF(DATEDIF(C15,B15,"y")>=1,DATEDIF(C15,B15,"y")&IF(DATEDIF(C15,B15,"y")=1," year "," years ")&DATEDIF(C15,B15,"ym")&IF(DATEDIF(C15,B15,"ym")=1," month"," months"),IF(DATEDIF(C15,B15,"m")>=1,DATEDIF(C15,B15,"m")&IF(DATEDIF(C15,B15,"m")=1," month"," months"),DATEDIF(C15,B15,"d")&IF(DATEDIF(C15,B15,"d")=1," day"," days")))) -> 2 years 7 months | E15: No | F15: U | G15: 122 E. Newkirk Lane | H15: Personal Reasons | I15: Kaelyn Sibley | J15: N/A | K15: DSP | M15: =IFERROR(VLOOKUP(G15,Reference!$I$2:$J$175,2,FALSE()),"Operations") -> Operations
A16: Aaron McCarty | B16: 46051 | C16: 46036 | D16: =IF(OR(B16="",C16=""),"",IF(DATEDIF(C16,B16,"y")>=1,DATEDIF(C16,B16,"y")&IF(DATEDIF(C16,B16,"y")=1," year "," years ")&DATEDIF(C16,B16,"ym")&IF(DATEDIF(C16,B16,"ym")=1," month"," months"),IF(DATEDIF(C16,B16,"m")>=1,DATEDIF(C16,B16,"m")&IF(DATEDIF(C16,B16,"m")=1," month"," months"),DATEDIF(C16,B16,"d")&IF(DATEDIF(C16,B16,"d")=1," day"," days")))) -> 15 days | E16: No | F16: U | G16: Residential Services | H16: Attendance Issues | I16: Sheri McMahan | J16: N/A | K16: DSP | M16: =IFERROR(VLOOKUP(G16,Reference!$I$2:$J$175,2,FALSE()),"Operations") -> Operations
D17: =IF(OR(B17="",C17=""),"",IF(DATEDIF(C17,B17,"y")>=1,DATEDIF(C17,B17,"y")&IF(DATEDIF(C17,B17,"y")=1," year "," years ")&DATEDIF(C17,B17,"ym")&IF(DATEDIF(C17,B17,"ym")=1," month"," months"),IF(DATEDIF(C17,B17,"m")>=1,DATEDIF(C17,B17,"m")&IF(DATEDIF(C17,B17,"m")=1," month"," months"),DATEDIF(C17,B17,"d")&IF(DATEDIF(C17,B17,"d")=1," day"," days")))) | M17: =IFERROR(VLOOKUP(G17,Reference!$I$2:$J$175,2,FALSE()),"Operations") -> Operations
A18: SUBTOTAL: | B18: =COUNTA(A9:A17) -> 8
A20: FEBRUARY 2026
A21: Name | B21: Date of Separation | C21: DOH | D21: Length of Service | E21: Eligible for Rehire | F21: Status | G21: Location | H21: Reason for Leaving | I21: Supervisor | J21: Exit Interview Date | K21: Job | L21: Comments | M21: Department
A22: TaKeiah Biddix | B22: 46061 | C22: 45918 | D22: =IF(OR(B22="",C22=""),"",IF(DATEDIF(C22,B22,"y")>=1,DATEDIF(C22,B22,"y")&IF(DATEDIF(C22,B22,"y")=1," year "," years ")&DATEDIF(C22,B22,"ym")&IF(DATEDIF(C22,B22,"ym")=1," month"," months"),IF(DATEDIF(C22,B22,"m")>=1,DATEDIF(C22,B22,"m")&IF(DATEDIF(C22,B22,"m")=1," month"," months"),DATEDIF(C22,B22,"d")&IF(DATEDIF(C22,B22,"d")=1," day"," days")))) -> 4 months | E22: No | F22: D | G22: 119 Lawton Rd | H22: Job Abandonment | I22: Braylea Wright | J22: N/A | K22: DSP | M22: =IFERROR(VLOOKUP(G22,Reference!$I$2:$J$175,2,FALSE()),"Operations") -> Operations
A23: Ryta Manning | B23: 46056 | C23: 45967 | D23: =IF(OR(B23="",C23=""),"",IF(DATEDIF(C23,B23,"y")>=1,DATEDIF(C23,B23,"y")&IF(DATEDIF(C23,B23,"y")=1," year "," years ")&DATEDIF(C23,B23,"ym")&IF(DATEDIF(C23,B23,"ym")=1," month"," months"),IF(DATEDIF(C23,B23,"m")>=1,DATEDIF(C23,B23,"m")&IF(DATEDIF(C23,B23,"m")=1," month"," months"),DATEDIF(C23,B23,"d")&IF(DATEDIF(C23,B23,"d")=1," day"," days")))) -> 2 months | E23: Yes | F23: U | G23: 107 Ulena Lane | H23: Personal Reasons | I23: Patreese Poore | J23: N/A | K23: DSP | M23: =IFERROR(VLOOKUP(G23,Reference!$I$2:$J$175,2,FALSE()),"Operations") -> Operations
A24: Kaelyn Sibley | B24: 46081 | C24: 45183 | D24: =IF(OR(B24="",C24=""),"",IF(DATEDIF(C24,B24,"y")>=1,DATEDIF(C24,B24,"y")&IF(DATEDIF(C24,B24,"y")=1," year "," years ")&DATEDIF(C24,B24,"ym")&IF(DATEDIF(C24,B24,"ym")=1," month"," months"),IF(DATEDIF(C24,B24,"m")>=1,DATEDIF(C24,B24,"m")&IF(DATEDIF(C24,B24,"m")=1," month"," months"),DATEDIF(C24,B24,"d")&IF(DATEDIF(C24,B24,"d")=1," day"," days")))) -> 2 years 5 months | E24: Yes - Turned in Notice - Not Eligible for rehire | F24: D | G24: 429 W Outer Dr | H24: Better Opportunity | I24: Katlynn Frerichs | J24: TBD | K24: DSP | M24: =IFERROR(VLOOKUP(G24,Reference!$I$2:$J$175,2,FALSE()),"Operations") -> Operations
A25: Robert Price | B25: 46081 | C25: 45203 | D25: =IF(OR(B25="",C25=""),"",IF(DATEDIF(C25,B25,"y")>=1,DATEDIF(C25,B25,"y")&IF(DATEDIF(C25,B25,"y")=1," year "," years ")&DATEDIF(C25,B25,"ym")&IF(DATEDIF(C25,B25,"ym")=1," month"," months"),IF(DATEDIF(C25,B25,"m")>=1,DATEDIF(C25,B25,"m")&IF(DATEDIF(C25,B25,"m")=1," month"," months"),DATEDIF(C25,B25,"d")&IF(DATEDIF(C25,B25,"d")=1," day"," days")))) -> 2 years 4 months | E25: Yes | F25: U | G25: 131 Atlanta | H25: Better Opportunity | I25: Esther Olatoye | J25: TBD | K25: DSP | M25: =IFERROR(VLOOKUP(G25,Reference!$I$2:$J$175,2,FALSE()),"Operations") -> Operations
A26: Heather Lumpkin | B26: 46065 | C26: 41095 | D26: =IF(OR(B26="",C26=""),"",IF(DATEDIF(C26,B26,"y")>=1,DATEDIF(C26,B26,"y")&IF(DATEDIF(C26,B26,"y")=1," year "," years ")&DATEDIF(C26,B26,"ym")&IF(DATEDIF(C26,B26,"ym")=1," month"," months"),IF(DATEDIF(C26,B26,"m")>=1,DATEDIF(C26,B26,"m")&IF(DATEDIF(C26,B26,"m")=1," month"," months"),DATEDIF(C26,B26,"d")&IF(DATEDIF(C26,B26,"d")=1," day"," days")))) -> 13 years 7 months | E26: No | F26: D | G26: 2292 Turnpike | H26: Performance Issues | I26: Katie Jeffers | J26: N/A | K26: DSP | M26: =IFERROR(VLOOKUP(G26,Reference!$I$2:$J$175,2,FALSE()),"Operations") -> Operations
A27: Trinity West | B27: 46069 | C27: 45600 | D27: =IF(OR(B27="",C27=""),"",IF(DATEDIF(C27,B27,"y")>=1,DATEDIF(C27,B27,"y")&IF(DATEDIF(C27,B27,"y")=1," year "," years ")&DATEDIF(C27,B27,"ym")&IF(DATEDIF(C27,B27,"ym")=1," month"," months"),IF(DATEDIF(C27,B27,"m")>=1,DATEDIF(C27,B27,"m")&IF(DATEDIF(C27,B27,"m")=1," month"," months"),DATEDIF(C27,B27,"d")&IF(DATEDIF(C27,B27,"d")=1," day"," days")))) -> 1 year 3 months | E27: No | F27: U | G27: 2290 Turnpike | H27: Resignation | I27: Katie Jeffers | J27: N/A | K27: DSP | M27: =IFERROR(VLOOKUP(G27,Reference!$I$2:$J$175,2,FALSE()),"Operations") -> Operations
A28: Braylea Wright | B28: 46079 | C28: 45152 | D28: =IF(OR(B28="",C28=""),"",IF(DATEDIF(C28,B28,"y")>=1,DATEDIF(C28,B28,"y")&IF(DATEDIF(C28,B28,"y")=1," year "," years ")&DATEDIF(C28,B28,"ym")&IF(DATEDIF(C28,B28,"ym")=1," month"," months"),IF(DATEDIF(C28,B28,"m")>=1,DATEDIF(C28,B28,"m")&IF(DATEDIF(C28,B28,"m")=1," month"," months"),DATEDIF(C28,B28,"d")&IF(DATEDIF(C28,B28,"d")=1," day"," days")))) -> 2 years 6 months | E28: No | F28: U | G28: 2290 Turnpike | H28: Resignation | I28: Katie Jeffers | J28: N/A | K28: HM | M28: =IFERROR(VLOOKUP(G28,Reference!$I$2:$J$175,2,FALSE()),"Operations") -> Operations
A29: Bryan Taylor | B29: 46080 | C29: 44711 | D29: =IF(OR(B29="",C29=""),"",IF(DATEDIF(C29,B29,"y")>=1,DATEDIF(C29,B29,"y")&IF(DATEDIF(C29,B29,"y")=1," year "," years ")&DATEDIF(C29,B29,"ym")&IF(DATEDIF(C29,B29,"ym")=1," month"," months"),IF(DATEDIF(C29,B29,"m")>=1,DATEDIF(C29,B29,"m")&IF(DATEDIF(C29,B29,"m")=1," month"," months"),DATEDIF(C29,B29,"d")&IF(DATEDIF(C29,B29,"d")=1," day"," days")))) -> 3 years 8 months | E29: Yes | F29: U | G29: Finance | H29: Resignation | I29: Jennifer Enderson | J29: N/A | K29: VP | M29: =IFERROR(VLOOKUP(G29,Reference!$I$2:$J$175,2,FALSE()),"Operations") -> Finance
A30: Greta Fair | B30: 46079 | C30: 45761 | D30: =IF(OR(B30="",C30=""),"",IF(DATEDIF(C30,B30,"y")>=1,DATEDIF(C30,B30,"y")&IF(DATEDIF(C30,B30,"y")=1," year "," years ")&DATEDIF(C30,B30,"ym")&IF(DATEDIF(C30,B30,"ym")=1," month"," months"),IF(DATEDIF(C30,B30,"m")>=1,DATEDIF(C30,B30,"m")&IF(DATEDIF(C30,B30,"m")=1," month"," months"),DATEDIF(C30,B30,"d")&IF(DATEDIF(C30,B30,"d")=1," day"," days")))) -> 10 months | E30: No | F30: D | G30: Finance | H30: Termination | I30: Elyse Vanlandingham | J30: N/A | K30: Finance Clerk | M30: =IFERROR(VLOOKUP(G30,Reference!$I$2:$J$175,2,FALSE()),"Operations") -> Finance
A31: Amara Madtes | B31: 46080 | C31: 46062 | D31: =IF(OR(B31="",C31=""),"",IF(DATEDIF(C31,B31,"y")>=1,DATEDIF(C31,B31,"y")&IF(DATEDIF(C31,B31,"y")=1," year "," years ")&DATEDIF(C31,B31,"ym")&IF(DATEDIF(C31,B31,"ym")=1," month"," months"),IF(DATEDIF(C31,B31,"m")>=1,DATEDIF(C31,B31,"m")&IF(DATEDIF(C31,B31,"m")=1," month"," months"),DATEDIF(C31,B31,"d")&IF(DATEDIF(C31,B31,"d")=1," day"," days")))) -> 18 days | E31: No | F31: D | G31: Quality Assurance | H31: Termination | I31: Kristen Otto | J31: N/A | K31: Acreditation Specialist | M31: =IFERROR(VLOOKUP(G31,Reference!$I$2:$J$175,2,FALSE()),"Operations") -> QA
D32: =IF(OR(B32="",C32=""),"",IF(DATEDIF(C32,B32,"y")>=1,DATEDIF(C32,B32,"y")&IF(DATEDIF(C32,B32,"y")=1," year "," years ")&DATEDIF(C32,B32,"ym")&IF(DATEDIF(C32,B32,"ym")=1," month"," months"),IF(DATEDIF(C32,B32,"m")>=1,DATEDIF(C32,B32,"m")&IF(DATEDIF(C32,B32,"m")=1," month"," months"),DATEDIF(C32,B32,"d")&IF(DATEDIF(C32,B32,"d")=1," day"," days")))) | M32: =IFERROR(VLOOKUP(G32,Reference!$I$2:$J$175,2,FALSE()),"Operations") -> Operations
A33: SUBTOTAL: | B33: =COUNTA(A22:A32) -> 10
A35: MARCH 2026
A36: Name | B36: Date of Separation | C36: DOH | D36: Length of Service | E36: Eligible for Rehire | F36: Status | G36: Location | H36: Reason for Leaving | I36: Supervisor | J36: Exit Interview Date | K36: Job | L36: Comments | M36: Department
A37: Ethan Reynolds | B37: 46083 | C37: 45252 | D37: =IF(OR(B37="",C37=""),"",IF(DATEDIF(C37,B37,"y")>=1,DATEDIF(C37,B37,"y")&IF(DATEDIF(C37,B37,"y")=1," year "," years ")&DATEDIF(C37,B37,"ym")&IF(DATEDIF(C37,B37,"ym")=1," month"," months"),IF(DATEDIF(C37,B37,"m")>=1,DATEDIF(C37,B37,"m")&IF(DATEDIF(C37,B37,"m")=1," month"," months"),DATEDIF(C37,B37,"d")&IF(DATEDIF(C37,B37,"d")=1," day"," days")))) -> 2 years 3 months | E37: No | F37: U | G37: 1111 McAdoo | H37: Resignation | I37: Rebecca Smith | J37: TBD | K37: DSP | L37: Rex | M37: =IFERROR(VLOOKUP(G37,Reference!$I$2:$J$175,2,FALSE()),"Operations") -> Operations
A38: Frederick Osborne | B38: 46083 | C38: 38933 | D38: =IF(OR(B38="",C38=""),"",IF(DATEDIF(C38,B38,"y")>=1,DATEDIF(C38,B38,"y")&IF(DATEDIF(C38,B38,"y")=1," year "," years ")&DATEDIF(C38,B38,"ym")&IF(DATEDIF(C38,B38,"ym")=1," month"," months"),IF(DATEDIF(C38,B38,"m")>=1,DATEDIF(C38,B38,"m")&IF(DATEDIF(C38,B38,"m")=1," month"," months"),DATEDIF(C38,B38,"d")&IF(DATEDIF(C38,B38,"d")=1," day"," days")))) -> 19 years 6 months | E38: No | F38: U | G38: 1111 McAdoo | H38: Resignation | I38: Rebecca Smith | J38: TBD | K38: DSP | L38: Rex | M38: =IFERROR(VLOOKUP(G38,Reference!$I$2:$J$175,2,FALSE()),"Operations") -> Operations
A39: Hunter Davis | B39: 46083 | C39: 45943 | D39: =IF(OR(B39="",C39=""),"",IF(DATEDIF(C39,B39,"y")>=1,DATEDIF(C39,B39,"y")&IF(DATEDIF(C39,B39,"y")=1," year "," years ")&DATEDIF(C39,B39,"ym")&IF(DATEDIF(C39,B39,"ym")=1," month"," months"),IF(DATEDIF(C39,B39,"m")>=1,DATEDIF(C39,B39,"m")&IF(DATEDIF(C39,B39,"m")=1," month"," months"),DATEDIF(C39,B39,"d")&IF(DATEDIF(C39,B39,"d")=1," day"," days")))) -> 4 months | E39: No | F39: U | G39: 1111 McAdoo | H39: Resignation | I39: Rebecca Smith | J39: TBD | K39: DSP | L39: Rex | M39: =IFERROR(VLOOKUP(G39,Reference!$I$2:$J$175,2,FALSE()),"Operations") -> Operations
A40: Rebecca Smith | B40: 46084 | C40: 40715 | D40: =IF(OR(B40="",C40=""),"",IF(DATEDIF(C40,B40,"y")>=1,DATEDIF(C40,B40,"y")&IF(DATEDIF(C40,B40,"y")=1," year "," years ")&DATEDIF(C40,B40,"ym")&IF(DATEDIF(C40,B40,"ym")=1," month"," months"),IF(DATEDIF(C40,B40,"m")>=1,DATEDIF(C40,B40,"m")&IF(DATEDIF(C40,B40,"m")=1," month"," months"),DATEDIF(C40,B40,"d")&IF(DATEDIF(C40,B40,"d")=1," day"," days")))) -> 14 years 8 months | E40: Yes | F40: U | G40: 1111 McAdoo | H40: Resignation | I40: Kelly Dustan | J40: TBD | K40: HM | L40: Rex | M40: =IFERROR(VLOOKUP(G40,Reference!$I$2:$J$175,2,FALSE()),"Operations") -> Operations
A41: Tanthya Bigham | B41: 46085 | C41: 46076 | D41: =IF(OR(B41="",C41=""),"",IF(DATEDIF(C41,B41,"y")>=1,DATEDIF(C41,B41,"y")&IF(DATEDIF(C41,B41,"y")=1," year "," years ")&DATEDIF(C41,B41,"ym")&IF(DATEDIF(C41,B41,"ym")=1," month"," months"),IF(DATEDIF(C41,B41,"m")>=1,DATEDIF(C41,B41,"m")&IF(DATEDIF(C41,B41,"m")=1," month"," months"),DATEDIF(C41,B41,"d")&IF(DATEDIF(C41,B41,"d")=1," day"," days")))) -> 9 days | E41: No | F41: U | G41: 813 NW Sapphire | H41: Resignation without Notice | I41: Dustan Kelley | J41: TBD | K41: DSP | M41: =IFERROR(VLOOKUP(G41,Reference!$I$2:$J$175,2,FALSE()),"Operations") -> Operations
A42: Tyreese Langston | B42: 46085 | C42: 45463 | D42: =IF(OR(B42="",C42=""),"",IF(DATEDIF(C42,B42,"y")>=1,DATEDIF(C42,B42,"y")&IF(DATEDIF(C42,B42,"y")=1," year "," years ")&DATEDIF(C42,B42,"ym")&IF(DATEDIF(C42,B42,"ym")=1," month"," months"),IF(DATEDIF(C42,B42,"m")>=1,DATEDIF(C42,B42,"m")&IF(DATEDIF(C42,B42,"m")=1," month"," months"),DATEDIF(C42,B42,"d")&IF(DATEDIF(C42,B42,"d")=1," day"," days")))) -> 1 year 8 months | E42: Yes | F42: U | G42: 1111 McAdoo | H42: Resignation | I42: Rebecca Smith | J42: TBD | K42: DSP | L42: Rex | M42: =IFERROR(VLOOKUP(G42,Reference!$I$2:$J$175,2,FALSE()),"Operations") -> Operations
A43: Dallas Russel | B43: 46086 | C43: 45705 | D43: =IF(OR(B43="",C43=""),"",IF(DATEDIF(C43,B43,"y")>=1,DATEDIF(C43,B43,"y")&IF(DATEDIF(C43,B43,"y")=1," year "," years ")&DATEDIF(C43,B43,"ym")&IF(DATEDIF(C43,B43,"ym")=1," month"," months"),IF(DATEDIF(C43,B43,"m")>=1,DATEDIF(C43,B43,"m")&IF(DATEDIF(C43,B43,"m")=1," month"," months"),DATEDIF(C43,B43,"d")&IF(DATEDIF(C43,B43,"d")=1," day"," days")))) -> 1 year 0 months | E43: Yes | F43: U | G43: Tiffin | H43: Resignation | I43: Sarah Allen | J43: TBD | K43: DSP | M43: =IFERROR(VLOOKUP(G43,Reference!$I$2:$J$175,2,FALSE()),"Operations") -> Operations
A44: Marilyn Drake | B44: 46092 | C44: 45875 | D44: =IF(OR(B44="",C44=""),"",IF(DATEDIF(C44,B44,"y")>=1,DATEDIF(C44,B44,"y")&IF(DATEDIF(C44,B44,"y")=1," year "," years ")&DATEDIF(C44,B44,"ym")&IF(DATEDIF(C44,B44,"ym")=1," month"," months"),IF(DATEDIF(C44,B44,"m")>=1,DATEDIF(C44,B44,"m")&IF(DATEDIF(C44,B44,"m")=1," month"," months"),DATEDIF(C44,B44,"d")&IF(DATEDIF(C44,B44,"d")=1," day"," days")))) -> 7 months | E44: Yes | F44: D | G44: 100 Thelma Road | H44: Resignation | I44: Bethany Quiggle | J44: TBD | K44: DSP | M44: =IFERROR(VLOOKUP(G44,Reference!$I$2:$J$175,2,FALSE()),"Operations") -> Operations
A45: Justin Williams | B45: 46097 | C45: 45621 | D45: =IF(OR(B45="",C45=""),"",IF(DATEDIF(C45,B45,"y")>=1,DATEDIF(C45,B45,"y")&IF(DATEDIF(C45,B45,"y")=1," year "," years ")&DATEDIF(C45,B45,"ym")&IF(DATEDIF(C45,B45,"ym")=1," month"," months"),IF(DATEDIF(C45,B45,"m")>=1,DATEDIF(C45,B45,"m")&IF(DATEDIF(C45,B45,"m")=1," month"," months"),DATEDIF(C45,B45,"d")&IF(DATEDIF(C45,B45,"d")=1," day"," days")))) -> 1 year 3 months | E45: Yes | F45: U | G45: 345 W Outer | H45: Resignation | I45: Andria Cassel | J45: TBD | K45: DSP | M45: =IFERROR(VLOOKUP(G45,Reference!$I$2:$J$175,2,FALSE()),"Operations") -> Operations
A46: Emily Ralston | B46: 46110 | C46: 45839 | D46: =IF(OR(B46="",C46=""),"",IF(DATEDIF(C46,B46,"y")>=1,DATEDIF(C46,B46,"y")&IF(DATEDIF(C46,B46,"y")=1," year "," years ")&DATEDIF(C46,B46,"ym")&IF(DATEDIF(C46,B46,"ym")=1," month"," months"),IF(DATEDIF(C46,B46,"m")>=1,DATEDIF(C46,B46,"m")&IF(DATEDIF(C46,B46,"m")=1," month"," months"),DATEDIF(C46,B46,"d")&IF(DATEDIF(C46,B46,"d")=1," day"," days")))) -> 8 months | E46: Yes | F46: U | G46: Robert Bunch Road | H46: Resignation | I46: Jennie England | J46: TBD | K46: DSP | M46: =IFERROR(VLOOKUP(G46,Reference!$I$2:$J$175,2,FALSE()),"Operations") -> Operations
A47: Robert Jordan | B47: 46112 | C47: 46084 | D47: =IF(OR(B47="",C47=""),"",IF(DATEDIF(C47,B47,"y")>=1,DATEDIF(C47,B47,"y")&IF(DATEDIF(C47,B47,"y")=1," year "," years ")&DATEDIF(C47,B47,"ym")&IF(DATEDIF(C47,B47,"ym")=1," month"," months"),IF(DATEDIF(C47,B47,"m")>=1,DATEDIF(C47,B47,"m")&IF(DATEDIF(C47,B47,"m")=1," month"," months"),DATEDIF(C47,B47,"d")&IF(DATEDIF(C47,B47,"d")=1," day"," days")))) -> 28 days | E47: No | F47: D | G47: 104 East Dalton | H47: Resignation | I47: Amber Potter | J47: N/A | K47: DSP | M47: =IFERROR(VLOOKUP(G47,Reference!$I$2:$J$175,2,FALSE()),"Operations") -> Operations
A48: Was not included in numbers so do not count below...let's discuss | M48: =IFERROR(VLOOKUP(G48,Reference!$I$2:$J$175,2,FALSE()),"Operations") -> Operations
M49: =IFERROR(VLOOKUP(G49,Reference!$I$2:$J$175,2,FALSE()),"Operations") -> Operations
M50: =IFERROR(VLOOKUP(G50,Reference!$I$2:$J$175,2,FALSE()),"Operations") -> Operations
A51: SUBTOTAL: | B51: =COUNTA(A37:A47)
A53: APRIL 2026 | O53: 7
A54: Name | B54: Date of Separation | C54: DOH | D54: Length of Service | E54: Eligible for Rehire | F54: Status | G54: Location | H54: Reason for Leaving | I54: Supervisor | J54: Exit Interview Date | K54: Job | L54: Comments | M54: Department
A55: Tiffany DeBoer | B55: 46128 | C55: 46029 | D55: =IF(OR(B55="",C55=""),"",IF(DATEDIF(C55,B55,"y")>=1,DATEDIF(C55,B55,"y")&IF(DATEDIF(C55,B55,"y")=1," year "," years ")&DATEDIF(C55,B55,"ym")&IF(DATEDIF(C55,B55,"ym")=1," month"," months"),IF(DATEDIF(C55,B55,"m")>=1,DATEDIF(C55,B55,"m")&IF(DATEDIF(C55,B55,"m")=1," month"," months"),DATEDIF(C55,B55,"d")&IF(DATEDIF(C55,B55,"d")=1," day"," days")))) -> 3 months | E55: Yes | F55: D | G55: Behavioral Health | H55: Resignation | I55: Megan Miller | J55: TBD | K55: Other | M55: =IFERROR(VLOOKUP(G55,Reference!$I$2:$J$175,2,FALSE()),"Operations") -> Behavioral Health
A56: Alexandra Jones | B56: 46124 | C56: 42971 | D56: =IF(OR(B56="",C56=""),"",IF(DATEDIF(C56,B56,"y")>=1,DATEDIF(C56,B56,"y")&IF(DATEDIF(C56,B56,"y")=1," year "," years ")&DATEDIF(C56,B56,"ym")&IF(DATEDIF(C56,B56,"ym")=1," month"," months"),IF(DATEDIF(C56,B56,"m")>=1,DATEDIF(C56,B56,"m")&IF(DATEDIF(C56,B56,"m")=1," month"," months"),DATEDIF(C56,B56,"d")&IF(DATEDIF(C56,B56,"d")=1," day"," days")))) -> 8 years 7 months | E56: Yes | F56: D | G56: Behavioral Health | H56: Resignation | I56: Megan Miller | J56: TBD | K56: Other | M56: =IFERROR(VLOOKUP(G56,Reference!$I$2:$J$175,2,FALSE()),"Operations") -> Behavioral Health
A57: Selah Waterhouse | B57: 46121 | C57: 45813 | D57: =IF(OR(B57="",C57=""),"",IF(DATEDIF(C57,B57,"y")>=1,DATEDIF(C57,B57,"y")&IF(DATEDIF(C57,B57,"y")=1," year "," years ")&DATEDIF(C57,B57,"ym")&IF(DATEDIF(C57,B57,"ym")=1," month"," months"),IF(DATEDIF(C57,B57,"m")>=1,DATEDIF(C57,B57,"m")&IF(DATEDIF(C57,B57,"m")=1," month"," months"),DATEDIF(C57,B57,"d")&IF(DATEDIF(C57,B57,"d")=1," day"," days")))) -> 10 months | K57: Sub/Floater | M57: =IFERROR(VLOOKUP(G57,Reference!$I$2:$J$175,2,FALSE()),"Operations") -> Operations
A58: Monica Phillips | C58: 46062 | D58: =IF(OR(B58="",C58=""),"",IF(DATEDIF(C58,B58,"y")>=1,DATEDIF(C58,B58,"y")&IF(DATEDIF(C58,B58,"y")=1," year "," years ")&DATEDIF(C58,B58,"ym")&IF(DATEDIF(C58,B58,"ym")=1," month"," months"),IF(DATEDIF(C58,B58,"m")>=1,DATEDIF(C58,B58,"m")&IF(DATEDIF(C58,B58,"m")=1," month"," months"),DATEDIF(C58,B58,"d")&IF(DATEDIF(C58,B58,"d")=1," day"," days")))) | K58: DSP | M58: =IFERROR(VLOOKUP(G58,Reference!$I$2:$J$175,2,FALSE()),"Operations") -> Operations
A59: James Bolden | C59: 45720 | D59: =IF(OR(B59="",C59=""),"",IF(DATEDIF(C59,B59,"y")>=1,DATEDIF(C59,B59,"y")&IF(DATEDIF(C59,B59,"y")=1," year "," years ")&DATEDIF(C59,B59,"ym")&IF(DATEDIF(C59,B59,"ym")=1," month"," months"),IF(DATEDIF(C59,B59,"m")>=1,DATEDIF(C59,B59,"m")&IF(DATEDIF(C59,B59,"m")=1," month"," months"),DATEDIF(C59,B59,"d")&IF(DATEDIF(C59,B59,"d")=1," day"," days")))) | K59: DSP | M59: =IFERROR(VLOOKUP(G59,Reference!$I$2:$J$175,2,FALSE()),"Operations") -> Operations
A60: Brittany Boone | C60: 45750 | D60: =IF(OR(B60="",C60=""),"",IF(DATEDIF(C60,B60,"y")>=1,DATEDIF(C60,B60,"y")&IF(DATEDIF(C60,B60,"y")=1," year "," years ")&DATEDIF(C60,B60,"ym")&IF(DATEDIF(C60,B60,"ym")=1," month"," months"),IF(DATEDIF(C60,B60,"m")>=1,DATEDIF(C60,B60,"m")&IF(DATEDIF(C60,B60,"m")=1," month"," months"),DATEDIF(C60,B60,"d")&IF(DATEDIF(C60,B60,"d")=1," day"," days")))) | K60: DSP | M60: =IFERROR(VLOOKUP(G60,Reference!$I$2:$J$175,2,FALSE()),"Operations") -> Operations
A61: Hope Lane | C61: 46049 | D61: =IF(OR(B61="",C61=""),"",IF(DATEDIF(C61,B61,"y")>=1,DATEDIF(C61,B61,"y")&IF(DATEDIF(C61,B61,"y")=1," year "," years ")&DATEDIF(C61,B61,"ym")&IF(DATEDIF(C61,B61,"ym")=1," month"," months"),IF(DATEDIF(C61,B61,"m")>=1,DATEDIF(C61,B61,"m")&IF(DATEDIF(C61,B61,"m")=1," month"," months"),DATEDIF(C61,B61,"d")&IF(DATEDIF(C61,B61,"d")=1," day"," days")))) | K61: DSP | M61: =IFERROR(VLOOKUP(G61,Reference!$I$2:$J$175,2,FALSE()),"Operations") -> Operations
D62: =IF(OR(B62="",C62=""),"",IF(DATEDIF(C62,B62,"y")>=1,DATEDIF(C62,B62,"y")&IF(DATEDIF(C62,B62,"y")=1," year "," years ")&DATEDIF(C62,B62,"ym")&IF(DATEDIF(C62,B62,"ym")=1," month"," months"),IF(DATEDIF(C62,B62,"m")>=1,DATEDIF(C62,B62,"m")&IF(DATEDIF(C62,B62,"m")=1," month"," months"),DATEDIF(C62,B62,"d")&IF(DATEDIF(C62,B62,"d")=1," day"," days")))) | M62: =IFERROR(VLOOKUP(G62,Reference!$I$2:$J$175,2,FALSE()),"Operations") -> Operations
D63: =IF(OR(B63="",C63=""),"",IF(DATEDIF(C63,B63,"y")>=1,DATEDIF(C63,B63,"y")&IF(DATEDIF(C63,B63,"y")=1," year "," years ")&DATEDIF(C63,B63,"ym")&IF(DATEDIF(C63,B63,"ym")=1," month"," months"),IF(DATEDIF(C63,B63,"m")>=1,DATEDIF(C63,B63,"m")&IF(DATEDIF(C63,B63,"m")=1," month"," months"),DATEDIF(C63,B63,"d")&IF(DATEDIF(C63,B63,"d")=1," day"," days")))) | M63: =IFERROR(VLOOKUP(G63,Reference!$I$2:$J$175,2,FALSE()),"Operations") -> Operations
D64: =IF(OR(B64="",C64=""),"",IF(DATEDIF(C64,B64,"y")>=1,DATEDIF(C64,B64,"y")&IF(DATEDIF(C64,B64,"y")=1," year "," years ")&DATEDIF(C64,B64,"ym")&IF(DATEDIF(C64,B64,"ym")=1," month"," months"),IF(DATEDIF(C64,B64,"m")>=1,DATEDIF(C64,B64,"m")&IF(DATEDIF(C64,B64,"m")=1," month"," months"),DATEDIF(C64,B64,"d")&IF(DATEDIF(C64,B64,"d")=1," day"," days")))) | M64: =IFERROR(VLOOKUP(G64,Reference!$I$2:$J$175,2,FALSE()),"Operations") -> Operations
D65: =IF(OR(B65="",C65=""),"",IF(DATEDIF(C65,B65,"y")>=1,DATEDIF(C65,B65,"y")&IF(DATEDIF(C65,B65,"y")=1," year "," years ")&DATEDIF(C65,B65,"ym")&IF(DATEDIF(C65,B65,"ym")=1," month"," months"),IF(DATEDIF(C65,B65,"m")>=1,DATEDIF(C65,B65,"m")&IF(DATEDIF(C65,B65,"m")=1," month"," months"),DATEDIF(C65,B65,"d")&IF(DATEDIF(C65,B65,"d")=1," day"," days")))) | M65: =IFERROR(VLOOKUP(G65,Reference!$I$2:$J$175,2,FALSE()),"Operations") -> Operations
D66: =IF(OR(B66="",C66=""),"",IF(DATEDIF(C66,B66,"y")>=1,DATEDIF(C66,B66,"y")&IF(DATEDIF(C66,B66,"y")=1," year "," years ")&DATEDIF(C66,B66,"ym")&IF(DATEDIF(C66,B66,"ym")=1," month"," months"),IF(DATEDIF(C66,B66,"m")>=1,DATEDIF(C66,B66,"m")&IF(DATEDIF(C66,B66,"m")=1," month"," months"),DATEDIF(C66,B66,"d")&IF(DATEDIF(C66,B66,"d")=1," day"," days")))) | M66: =IFERROR(VLOOKUP(G66,Reference!$I$2:$J$175,2,FALSE()),"Operations") -> Operations
D67: =IF(OR(B67="",C67=""),"",IF(DATEDIF(C67,B67,"y")>=1,DATEDIF(C67,B67,"y")&IF(DATEDIF(C67,B67,"y")=1," year "," years ")&DATEDIF(C67,B67,"ym")&IF(DATEDIF(C67,B67,"ym")=1," month"," months"),IF(DATEDIF(C67,B67,"m")>=1,DATEDIF(C67,B67,"m")&IF(DATEDIF(C67,B67,"m")=1," month"," months"),DATEDIF(C67,B67,"d")&IF(DATEDIF(C67,B67,"d")=1," day"," days")))) | M67: =IFERROR(VLOOKUP(G67,Reference!$I$2:$J$175,2,FALSE()),"Operations") -> Operations
D68: =IF(OR(B68="",C68=""),"",IF(DATEDIF(C68,B68,"y")>=1,DATEDIF(C68,B68,"y")&IF(DATEDIF(C68,B68,"y")=1," year "," years ")&DATEDIF(C68,B68,"ym")&IF(DATEDIF(C68,B68,"ym")=1," month"," months"),IF(DATEDIF(C68,B68,"m")>=1,DATEDIF(C68,B68,"m")&IF(DATEDIF(C68,B68,"m")=1," month"," months"),DATEDIF(C68,B68,"d")&IF(DATEDIF(C68,B68,"d")=1," day"," days")))) | M68: =IFERROR(VLOOKUP(G68,Reference!$I$2:$J$175,2,FALSE()),"Operations") -> Operations
D69: =IF(OR(B69="",C69=""),"",IF(DATEDIF(C69,B69,"y")>=1,DATEDIF(C69,B69,"y")&IF(DATEDIF(C69,B69,"y")=1," year "," years ")&DATEDIF(C69,B69,"ym")&IF(DATEDIF(C69,B69,"ym")=1," month"," months"),IF(DATEDIF(C69,B69,"m")>=1,DATEDIF(C69,B69,"m")&IF(DATEDIF(C69,B69,"m")=1," month"," months"),DATEDIF(C69,B69,"d")&IF(DATEDIF(C69,B69,"d")=1," day"," days")))) | M69: =IFERROR(VLOOKUP(G69,Reference!$I$2:$J$175,2,FALSE()),"Operations") -> Operations
D70: =IF(OR(B70="",C70=""),"",IF(DATEDIF(C70,B70,"y")>=1,DATEDIF(C70,B70,"y")&IF(DATEDIF(C70,B70,"y")=1," year "," years ")&DATEDIF(C70,B70,"ym")&IF(DATEDIF(C70,B70,"ym")=1," month"," months"),IF(DATEDIF(C70,B70,"m")>=1,DATEDIF(C70,B70,"m")&IF(DATEDIF(C70,B70,"m")=1," month"," months"),DATEDIF(C70,B70,"d")&IF(DATEDIF(C70,B70,"d")=1," day"," days")))) | M70: =IFERROR(VLOOKUP(G70,Reference!$I$2:$J$175,2,FALSE()),"Operations") -> Operations
D71: =IF(OR(B71="",C71=""),"",IF(DATEDIF(C71,B71,"y")>=1,DATEDIF(C71,B71,"y")&IF(DATEDIF(C71,B71,"y")=1," year "," years ")&DATEDIF(C71,B71,"ym")&IF(DATEDIF(C71,B71,"ym")=1," month"," months"),IF(DATEDIF(C71,B71,"m")>=1,DATEDIF(C71,B71,"m")&IF(DATEDIF(C71,B71,"m")=1," month"," months"),DATEDIF(C71,B71,"d")&IF(DATEDIF(C71,B71,"d")=1," day"," days")))) | M71: =IFERROR(VLOOKUP(G71,Reference!$I$2:$J$175,2,FALSE()),"Operations") -> Operations
D72: =IF(OR(B72="",C72=""),"",IF(DATEDIF(C72,B72,"y")>=1,DATEDIF(C72,B72,"y")&IF(DATEDIF(C72,B72,"y")=1," year "," years ")&DATEDIF(C72,B72,"ym")&IF(DATEDIF(C72,B72,"ym")=1," month"," months"),IF(DATEDIF(C72,B72,"m")>=1,DATEDIF(C72,B72,"m")&IF(DATEDIF(C72,B72,"m")=1," month"," months"),DATEDIF(C72,B72,"d")&IF(DATEDIF(C72,B72,"d")=1," day"," days")))) | M72: =IFERROR(VLOOKUP(G72,Reference!$I$2:$J$175,2,FALSE()),"Operations") -> Operations
D73: =IF(OR(B73="",C73=""),"",IF(DATEDIF(C73,B73,"y")>=1,DATEDIF(C73,B73,"y")&IF(DATEDIF(C73,B73,"y")=1," year "," years ")&DATEDIF(C73,B73,"ym")&IF(DATEDIF(C73,B73,"ym")=1," month"," months"),IF(DATEDIF(C73,B73,"m")>=1,DATEDIF(C73,B73,"m")&IF(DATEDIF(C73,B73,"m")=1," month"," months"),DATEDIF(C73,B73,"d")&IF(DATEDIF(C73,B73,"d")=1," day"," days")))) | M73: =IFERROR(VLOOKUP(G73,Reference!$I$2:$J$175,2,FALSE()),"Operations") -> Operations
... D84: =IF(OR(B84="",C84=""),"",IF(DATEDIF(C84,B84,"y")>=1,DATEDIF(C84,B84,"y")&IF(DATEDIF(C84,B84,"y")=1," year "," years ")&DATEDIF(C84,B84,"ym")&IF(DATEDIF(C84,B84,"ym")=1," month"," months"),IF(DATEDIF(C84,B84,"m")>=1,DATEDIF(C84,B84,"m")&IF(DATEDIF(C84,B84,"m")=1," month"," months"),DATEDIF(C84,B84,"d")&IF(DATEDIF(C84,B84,"d")=1," day"," days")))) | M84: =IFERROR(VLOOKUP(G84,Reference!$I$2:$J$175,2,FALSE()),"Operations") -> Operations
A85: SUBTOTAL: | B85: =COUNTA(A55:A84) -> 7
A87: MAY 2026
A88: Name | B88: Date of Separation | C88: DOH | D88: Length of Service | E88: Eligible for Rehire | F88: Status | G88: Location | H88: Reason for Leaving | I88: Supervisor | J88: Exit Interview Date | K88: Job | L88: Comments | M88: Department
D89: =IF(OR(B89="",C89=""),"",IF(DATEDIF(C89,B89,"y")>=1,DATEDIF(C89,B89,"y")&IF(DATEDIF(C89,B89,"y")=1," year "," years ")&DATEDIF(C89,B89,"ym")&IF(DATEDIF(C89,B89,"ym")=1," month"," months"),IF(DATEDIF(C89,B89,"m")>=1,DATEDIF(C89,B89,"m")&IF(DATEDIF(C89,B89,"m")=1," month"," months"),DATEDIF(C89,B89,"d")&IF(DATEDIF(C89,B89,"d")=1," day"," days")))) | M89: =IFERROR(VLOOKUP(G89,Reference!$I$2:$J$175,2,FALSE()),"Operations") -> Operations
D90: =IF(OR(B90="",C90=""),"",IF(DATEDIF(C90,B90,"y")>=1,DATEDIF(C90,B90,"y")&IF(DATEDIF(C90,B90,"y")=1," year "," years ")&DATEDIF(C90,B90,"ym")&IF(DATEDIF(C90,B90,"ym")=1," month"," months"),IF(DATEDIF(C90,B90,"m")>=1,DATEDIF(C90,B90,"m")&IF(DATEDIF(C90,B90,"m")=1," month"," months"),DATEDIF(C90,B90,"d")&IF(DATEDIF(C90,B90,"d")=1," day"," days")))) | M90: =IFERROR(VLOOKUP(G90,Reference!$I$2:$J$175,2,FALSE()),"Operations") -> Operations
D91: =IF(OR(B91="",C91=""),"",IF(DATEDIF(C91,B91,"y")>=1,DATEDIF(C91,B91,"y")&IF(DATEDIF(C91,B91,"y")=1," year "," years ")&DATEDIF(C91,B91,"ym")&IF(DATEDIF(C91,B91,"ym")=1," month"," months"),IF(DATEDIF(C91,B91,"m")>=1,DATEDIF(C91,B91,"m")&IF(DATEDIF(C91,B91,"m")=1," month"," months"),DATEDIF(C91,B91,"d")&IF(DATEDIF(C91,B91,"d")=1," day"," days")))) | M91: =IFERROR(VLOOKUP(G91,Reference!$I$2:$J$175,2,FALSE()),"Operations") -> Operations
D92: =IF(OR(B92="",C92=""),"",IF(DATEDIF(C92,B92,"y")>=1,DATEDIF(C92,B92,"y")&IF(DATEDIF(C92,B92,"y")=1," year "," years ")&DATEDIF(C92,B92,"ym")&IF(DATEDIF(C92,B92,"ym")=1," month"," months"),IF(DATEDIF(C92,B92,"m")>=1,DATEDIF(C92,B92,"m")&IF(DATEDIF(C92,B92,"m")=1," month"," months"),DATEDIF(C92,B92,"d")&IF(DATEDIF(C92,B92,"d")=1," day"," days")))) | M92: =IFERROR(VLOOKUP(G92,Reference!$I$2:$J$175,2,FALSE()),"Operations") -> Operations
D93: =IF(OR(B93="",C93=""),"",IF(DATEDIF(C93,B93,"y")>=1,DATEDIF(C93,B93,"y")&IF(DATEDIF(C93,B93,"y")=1," year "," years ")&DATEDIF(C93,B93,"ym")&IF(DATEDIF(C93,B93,"ym")=1," month"," months"),IF(DATEDIF(C93,B93,"m")>=1,DATEDIF(C93,B93,"m")&IF(DATEDIF(C93,B93,"m")=1," month"," months"),DATEDIF(C93,B93,"d")&IF(DATEDIF(C93,B93,"d")=1," day"," days")))) | M93: =IFERROR(VLOOKUP(G93,Reference!$I$2:$J$175,2,FALSE()),"Operations") -> Operations
D94: =IF(OR(B94="",C94=""),"",IF(DATEDIF(C94,B94,"y")>=1,DATEDIF(C94,B94,"y")&IF(DATEDIF(C94,B94,"y")=1," year "," years ")&DATEDIF(C94,B94,"ym")&IF(DATEDIF(C94,B94,"ym")=1," month"," months"),IF(DATEDIF(C94,B94,"m")>=1,DATEDIF(C94,B94,"m")&IF(DATEDIF(C94,B94,"m")=1," month"," months"),DATEDIF(C94,B94,"d")&IF(DATEDIF(C94,B94,"d")=1," day"," days")))) | M94: =IFERROR(VLOOKUP(G94,Reference!$I$2:$J$175,2,FALSE()),"Operations") -> Operations
D95: =IF(OR(B95="",C95=""),"",IF(DATEDIF(C95,B95,"y")>=1,DATEDIF(C95,B95,"y")&IF(DATEDIF(C95,B95,"y")=1," year "," years ")&DATEDIF(C95,B95,"ym")&IF(DATEDIF(C95,B95,"ym")=1," month"," months"),IF(DATEDIF(C95,B95,"m")>=1,DATEDIF(C95,B95,"m")&IF(DATEDIF(C95,B95,"m")=1," month"," months"),DATEDIF(C95,B95,"d")&IF(DATEDIF(C95,B95,"d")=1," day"," days")))) | M95: =IFERROR(VLOOKUP(G95,Reference!$I$2:$J$175,2,FALSE()),"Operations") -> Operations
D96: =IF(OR(B96="",C96=""),"",IF(DATEDIF(C96,B96,"y")>=1,DATEDIF(C96,B96,"y")&IF(DATEDIF(C96,B96,"y")=1," year "," years ")&DATEDIF(C96,B96,"ym")&IF(DATEDIF(C96,B96,"ym")=1," month"," months"),IF(DATEDIF(C96,B96,"m")>=1,DATEDIF(C96,B96,"m")&IF(DATEDIF(C96,B96,"m")=1," month"," months"),DATEDIF(C96,B96,"d")&IF(DATEDIF(C96,B96,"d")=1," day"," days")))) | M96: =IFERROR(VLOOKUP(G96,Reference!$I$2:$J$175,2,FALSE()),"Operations") -> Operations
D97: =IF(OR(B97="",C97=""),"",IF(DATEDIF(C97,B97,"y")>=1,DATEDIF(C97,B97,"y")&IF(DATEDIF(C97,B97,"y")=1," year "," years ")&DATEDIF(C97,B97,"ym")&IF(DATEDIF(C97,B97,"ym")=1," month"," months"),IF(DATEDIF(C97,B97,"m")>=1,DATEDIF(C97,B97,"m")&IF(DATEDIF(C97,B97,"m")=1," month"," months"),DATEDIF(C97,B97,"d")&IF(DATEDIF(C97,B97,"d")=1," day"," days")))) | M97: =IFERROR(VLOOKUP(G97,Reference!$I$2:$J$175,2,FALSE()),"Operations") -> Operations
D98: =IF(OR(B98="",C98=""),"",IF(DATEDIF(C98,B98,"y")>=1,DATEDIF(C98,B98,"y")&IF(DATEDIF(C98,B98,"y")=1," year "," years ")&DATEDIF(C98,B98,"ym")&IF(DATEDIF(C98,B98,"ym")=1," month"," months"),IF(DATEDIF(C98,B98,"m")>=1,DATEDIF(C98,B98,"m")&IF(DATEDIF(C98,B98,"m")=1," month"," months"),DATEDIF(C98,B98,"d")&IF(DATEDIF(C98,B98,"d")=1," day"," days")))) | M98: =IFERROR(VLOOKUP(G98,Reference!$I$2:$J$175,2,FALSE()),"Operations") -> Operations
D99: =IF(OR(B99="",C99=""),"",IF(DATEDIF(C99,B99,"y")>=1,DATEDIF(C99,B99,"y")&IF(DATEDIF(C99,B99,"y")=1," year "," years ")&DATEDIF(C99,B99,"ym")&IF(DATEDIF(C99,B99,"ym")=1," month"," months"),IF(DATEDIF(C99,B99,"m")>=1,DATEDIF(C99,B99,"m")&IF(DATEDIF(C99,B99,"m")=1," month"," months"),DATEDIF(C99,B99,"d")&IF(DATEDIF(C99,B99,"d")=1," day"," days")))) | M99: =IFERROR(VLOOKUP(G99,Reference!$I$2:$J$175,2,FALSE()),"Operations") -> Operations
D100: =IF(OR(B100="",C100=""),"",IF(DATEDIF(C100,B100,"y")>=1,DATEDIF(C100,B100,"y")&IF(DATEDIF(C100,B100,"y")=1," year "," years ")&DATEDIF(C100,B100,"ym")&IF(DATEDIF(C100,B100,"ym")=1," month"," months"),IF(DATEDIF(C100,B100,"m")>=1,DATEDIF(C100,B100,"m")&IF(DATEDIF(C100,B100,"m")=1," month"," months"),DATEDIF(C100,B100,"d")&IF(DATEDIF(C100,B100,"d")=1," day"," days")))) | M100: =IFERROR(VLOOKUP(G100,Reference!$I$2:$J$175,2,FALSE()),"Operations") -> Operations
... D118: =IF(OR(B118="",C118=""),"",IF(DATEDIF(C118,B118,"y")>=1,DATEDIF(C118,B118,"y")&IF(DATEDIF(C118,B118,"y")=1," year "," years ")&DATEDIF(C118,B118,"ym")&IF(DATEDIF(C118,B118,"ym")=1," month"," months"),IF(DATEDIF(C118,B118,"m")>=1,DATEDIF(C118,B118,"m")&IF(DATEDIF(C118,B118,"m")=1," month"," months"),DATEDIF(C118,B118,"d")&IF(DATEDIF(C118,B118,"d")=1," day"," days")))) | M118: =IFERROR(VLOOKUP(G118,Reference!$I$2:$J$175,2,FALSE()),"Operations") -> Operations
A119: SUBTOTAL: | B119: =COUNTA(A89:A118) -> 0
A121: JUNE 2026
A122: Name | B122: Date of Separation | C122: DOH | D122: Length of Service | E122: Eligible for Rehire | F122: Status | G122: Location | H122: Reason for Leaving | I122: Supervisor | J122: Exit Interview Date | K122: Job | L122: Comments | M122: Department
D123: =IF(OR(B123="",C123=""),"",IF(DATEDIF(C123,B123,"y")>=1,DATEDIF(C123,B123,"y")&IF(DATEDIF(C123,B123,"y")=1," year "," years ")&DATEDIF(C123,B123,"ym")&IF(DATEDIF(C123,B123,"ym")=1," month"," months"),IF(DATEDIF(C123,B123,"m")>=1,DATEDIF(C123,B123,"m")&IF(DATEDIF(C123,B123,"m")=1," month"," months"),DATEDIF(C123,B123,"d")&IF(DATEDIF(C123,B123,"d")=1," day"," days")))) | M123: =IFERROR(VLOOKUP(G123,Reference!$I$2:$J$175,2,FALSE()),"Operations") -> Operations
D124: =IF(OR(B124="",C124=""),"",IF(DATEDIF(C124,B124,"y")>=1,DATEDIF(C124,B124,"y")&IF(DATEDIF(C124,B124,"y")=1," year "," years ")&DATEDIF(C124,B124,"ym")&IF(DATEDIF(C124,B124,"ym")=1," month"," months"),IF(DATEDIF(C124,B124,"m")>=1,DATEDIF(C124,B124,"m")&IF(DATEDIF(C124,B124,"m")=1," month"," months"),DATEDIF(C124,B124,"d")&IF(DATEDIF(C124,B124,"d")=1," day"," days")))) | M124: =IFERROR(VLOOKUP(G124,Reference!$I$2:$J$175,2,FALSE()),"Operations") -> Operations
D125: =IF(OR(B125="",C125=""),"",IF(DATEDIF(C125,B125,"y")>=1,DATEDIF(C125,B125,"y")&IF(DATEDIF(C125,B125,"y")=1," year "," years ")&DATEDIF(C125,B125,"ym")&IF(DATEDIF(C125,B125,"ym")=1," month"," months"),IF(DATEDIF(C125,B125,"m")>=1,DATEDIF(C125,B125,"m")&IF(DATEDIF(C125,B125,"m")=1," month"," months"),DATEDIF(C125,B125,"d")&IF(DATEDIF(C125,B125,"d")=1," day"," days")))) | M125: =IFERROR(VLOOKUP(G125,Reference!$I$2:$J$175,2,FALSE()),"Operations") -> Operations
D126: =IF(OR(B126="",C126=""),"",IF(DATEDIF(C126,B126,"y")>=1,DATEDIF(C126,B126,"y")&IF(DATEDIF(C126,B126,"y")=1," year "," years ")&DATEDIF(C126,B126,"ym")&IF(DATEDIF(C126,B126,"ym")=1," month"," months"),IF(DATEDIF(C126,B126,"m")>=1,DATEDIF(C126,B126,"m")&IF(DATEDIF(C126,B126,"m")=1," month"," months"),DATEDIF(C126,B126,"d")&IF(DATEDIF(C126,B126,"d")=1," day"," days")))) | M126: =IFERROR(VLOOKUP(G126,Reference!$I$2:$J$175,2,FALSE()),"Operations") -> Operations
D127: =IF(OR(B127="",C127=""),"",IF(DATEDIF(C127,B127,"y")>=1,DATEDIF(C127,B127,"y")&IF(DATEDIF(C127,B127,"y")=1," year "," years ")&DATEDIF(C127,B127,"ym")&IF(DATEDIF(C127,B127,"ym")=1," month"," months"),IF(DATEDIF(C127,B127,"m")>=1,DATEDIF(C127,B127,"m")&IF(DATEDIF(C127,B127,"m")=1," month"," months"),DATEDIF(C127,B127,"d")&IF(DATEDIF(C127,B127,"d")=1," day"," days")))) | M127: =IFERROR(VLOOKUP(G127,Reference!$I$2:$J$175,2,FALSE()),"Operations") -> Operations
D128: =IF(OR(B128="",C128=""),"",IF(DATEDIF(C128,B128,"y")>=1,DATEDIF(C128,B128,"y")&IF(DATEDIF(C128,B128,"y")=1," year "," years ")&DATEDIF(C128,B128,"ym")&IF(DATEDIF(C128,B128,"ym")=1," month"," months"),IF(DATEDIF(C128,B128,"m")>=1,DATEDIF(C128,B128,"m")&IF(DATEDIF(C128,B128,"m")=1," month"," months"),DATEDIF(C128,B128,"d")&IF(DATEDIF(C128,B128,"d")=1," day"," days")))) | M128: =IFERROR(VLOOKUP(G128,Reference!$I$2:$J$175,2,FALSE()),"Operations") -> Operations
D129: =IF(OR(B129="",C129=""),"",IF(DATEDIF(C129,B129,"y")>=1,DATEDIF(C129,B129,"y")&IF(DATEDIF(C129,B129,"y")=1," year "," years ")&DATEDIF(C129,B129,"ym")&IF(DATEDIF(C129,B129,"ym")=1," month"," months"),IF(DATEDIF(C129,B129,"m")>=1,DATEDIF(C129,B129,"m")&IF(DATEDIF(C129,B129,"m")=1," month"," months"),DATEDIF(C129,B129,"d")&IF(DATEDIF(C129,B129,"d")=1," day"," days")))) | M129: =IFERROR(VLOOKUP(G129,Reference!$I$2:$J$175,2,FALSE()),"Operations") -> Operations
D130: =IF(OR(B130="",C130=""),"",IF(DATEDIF(C130,B130,"y")>=1,DATEDIF(C130,B130,"y")&IF(DATEDIF(C130,B130,"y")=1," year "," years ")&DATEDIF(C130,B130,"ym")&IF(DATEDIF(C130,B130,"ym")=1," month"," months"),IF(DATEDIF(C130,B130,"m")>=1,DATEDIF(C130,B130,"m")&IF(DATEDIF(C130,B130,"m")=1," month"," months"),DATEDIF(C130,B130,"d")&IF(DATEDIF(C130,B130,"d")=1," day"," days")))) | M130: =IFERROR(VLOOKUP(G130,Reference!$I$2:$J$175,2,FALSE()),"Operations") -> Operations
D131: =IF(OR(B131="",C131=""),"",IF(DATEDIF(C131,B131,"y")>=1,DATEDIF(C131,B131,"y")&IF(DATEDIF(C131,B131,"y")=1," year "," years ")&DATEDIF(C131,B131,"ym")&IF(DATEDIF(C131,B131,"ym")=1," month"," months"),IF(DATEDIF(C131,B131,"m")>=1,DATEDIF(C131,B131,"m")&IF(DATEDIF(C131,B131,"m")=1," month"," months"),DATEDIF(C131,B131,"d")&IF(DATEDIF(C131,B131,"d")=1," day"," days")))) | M131: =IFERROR(VLOOKUP(G131,Reference!$I$2:$J$175,2,FALSE()),"Operations") -> Operations
D132: =IF(OR(B132="",C132=""),"",IF(DATEDIF(C132,B132,"y")>=1,DATEDIF(C132,B132,"y")&IF(DATEDIF(C132,B132,"y")=1," year "," years ")&DATEDIF(C132,B132,"ym")&IF(DATEDIF(C132,B132,"ym")=1," month"," months"),IF(DATEDIF(C132,B132,"m")>=1,DATEDIF(C132,B132,"m")&IF(DATEDIF(C132,B132,"m")=1," month"," months"),DATEDIF(C132,B132,"d")&IF(DATEDIF(C132,B132,"d")=1," day"," days")))) | M132: =IFERROR(VLOOKUP(G132,Reference!$I$2:$J$175,2,FALSE()),"Operations") -> Operations
D133: =IF(OR(B133="",C133=""),"",IF(DATEDIF(C133,B133,"y")>=1,DATEDIF(C133,B133,"y")&IF(DATEDIF(C133,B133,"y")=1," year "," years ")&DATEDIF(C133,B133,"ym")&IF(DATEDIF(C133,B133,"ym")=1," month"," months"),IF(DATEDIF(C133,B133,"m")>=1,DATEDIF(C133,B133,"m")&IF(DATEDIF(C133,B133,"m")=1," month"," months"),DATEDIF(C133,B133,"d")&IF(DATEDIF(C133,B133,"d")=1," day"," days")))) | M133: =IFERROR(VLOOKUP(G133,Reference!$I$2:$J$175,2,FALSE()),"Operations") -> Operations
D134: =IF(OR(B134="",C134=""),"",IF(DATEDIF(C134,B134,"y")>=1,DATEDIF(C134,B134,"y")&IF(DATEDIF(C134,B134,"y")=1," year "," years ")&DATEDIF(C134,B134,"ym")&IF(DATEDIF(C134,B134,"ym")=1," month"," months"),IF(DATEDIF(C134,B134,"m")>=1,DATEDIF(C134,B134,"m")&IF(DATEDIF(C134,B134,"m")=1," month"," months"),DATEDIF(C134,B134,"d")&IF(DATEDIF(C134,B134,"d")=1," day"," days")))) | M134: =IFERROR(VLOOKUP(G134,Reference!$I$2:$J$175,2,FALSE()),"Operations") -> Operations
... D152: =IF(OR(B152="",C152=""),"",IF(DATEDIF(C152,B152,"y")>=1,DATEDIF(C152,B152,"y")&IF(DATEDIF(C152,B152,"y")=1," year "," years ")&DATEDIF(C152,B152,"ym")&IF(DATEDIF(C152,B152,"ym")=1," month"," months"),IF(DATEDIF(C152,B152,"m")>=1,DATEDIF(C152,B152,"m")&IF(DATEDIF(C152,B152,"m")=1," month"," months"),DATEDIF(C152,B152,"d")&IF(DATEDIF(C152,B152,"d")=1," day"," days")))) | M152: =IFERROR(VLOOKUP(G152,Reference!$I$2:$J$175,2,FALSE()),"Operations") -> Operations
...

Sheet FY 2025 (Jan25-Dec25)
A2: EMPLOYEE SEPARATION SUMMARY — FY 2025
A3: January 2025 — December 2025 | Emory Valley Center
A5: Active Employees: | B5: 346 | D5: YTD Separations: | E5: =B39+B73+B107+B141+B175+B209+B243+B277+B311+B345+B379+B413 -> 138 | G5: TOR %: | H5: =IF(B5=0,0,E5/B5) -> 0.39884393
A7: JANUARY 2025
A8: Name | B8: Date of Separation | C8: DOH | D8: Length of Service | E8: Eligible for Rehire | F8: Status | G8: Location | H8: Reason for Leaving | I8: Supervisor | J8: Exit Interview Date | K8: Job | L8: Comments | M8: Department
A9: Tiffany Rose | B9: 45659 | D9: 9 years 11 months | E9: Yes | F9: D | G9: 723 Emory Valley | H9: Better Opportunity | I9: Kim Jeffers-Whitaker | K9: HR | M9: =IFERROR(VLOOKUP(G9,Reference!$I$2:$J$175,2,FALSE()),"Operations") -> Operations
A10: Juliane Rendall | B10: 45667 | D10: 4 years 11 months | E10: No | F10: D | G10: ELC | H10: Termination | I10: Kiersten Wilkerson | K10: Sub/Floater | M10: =IFERROR(VLOOKUP(G10,Reference!$I$2:$J$175,2,FALSE()),"Operations") -> Children Services
A11: Jon Lomax | B11: 45670 | D11: 7 days | E11: No | F11: U | G11: Wadsworth | H11: Other | I11: Kendray Loy-Coon | K11: DSP | M11: =IFERROR(VLOOKUP(G11,Reference!$I$2:$J$175,2,FALSE()),"Operations") -> Operations
A12: Kendra Loy-Coon | B12: 45673 | D12: 7 years 11 months | E12: Yes | F12: D | G12: Four Mile | H12: Resignation | I12: Kasey Foster | K12: DSP | M12: =IFERROR(VLOOKUP(G12,Reference!$I$2:$J$175,2,FALSE()),"Operations") -> Operations
A13: Gabriella Kennedy | B13: 45674 | D13: 11 days | E13: No | F13: U | G13: McAdoo | H13: Personal Reasons | I13: Rebecca Smith | K13: DSP | M13: =IFERROR(VLOOKUP(G13,Reference!$I$2:$J$175,2,FALSE()),"Operations") -> Operations
A14: Jillina Rogers | B14: 45679 | D14: 7 months | E14: Yes | F14: U | G14: Thelma | H14: Personal Reasons | I14: Bethany Quiggle | K14: DSP | M14: =IFERROR(VLOOKUP(G14,Reference!$I$2:$J$175,2,FALSE()),"Operations") -> Operations
A15: Kelci Wiggins | B15: 45677 | D15: 5 months | E15: Yes | F15: D | G15: LLL | H15: Termination | I15: Brittany Webb | K15: Sub/Floater | M15: =IFERROR(VLOOKUP(G15,Reference!$I$2:$J$175,2,FALSE()),"Operations") -> Children Services
A16: Abby Morlock | B16: 45680 | D16: 1 year & 1 month | E16: No | F16: U | G16: Dalton | H16: Personal Reasons | I16: Orian Miller | K16: DSP | M16: =IFERROR(VLOOKUP(G16,Reference!$I$2:$J$175,2,FALSE()),"Operations") -> Operations
A17: Kayla Sullivan | B17: 45659 | D17: 5 months | E17: No | F17: U | G17: Sapphire | H17: Job Abandonment | I17: Melissa Jackson | K17: DSP | M17: =IFERROR(VLOOKUP(G17,Reference!$I$2:$J$175,2,FALSE()),"Operations") -> Operations
A18: Emily West | B18: 45678 | D18: 1 month | E18: Yes | F18: U | G18: 723 Emory Valley | H18: Resignation | I18: Abigail Donald | K18: Other | M18: =IFERROR(VLOOKUP(G18,Reference!$I$2:$J$175,2,FALSE()),"Operations") -> Operations
A19: Jill Battersby | B19: 45684 | D19: 2 years | E19: No | F19: D | G19: 723 Emory Valley | H19: Resignation | I19: Abigail Donald | K19: Other | M19: =IFERROR(VLOOKUP(G19,Reference!$I$2:$J$175,2,FALSE()),"Operations") -> Operations
A20: Paula Winn | B20: 45686 | D20: 1 year | E20: Yes | F20: U | G20: Robert Bunch | H20: Personal Reasons | I20: Jennie England | K20: Other | M20: =IFERROR(VLOOKUP(G20,Reference!$I$2:$J$175,2,FALSE()),"Operations") -> Operations
... A22: Abby Dean | B22: 45688 | D22: 3 months | E22: No | F22: U | G22: ELC | H22: Personal Reasons | I22: Kiersten Wilkerson | K22: Sub/Floater | M22: =IFERROR(VLOOKUP(G22,Reference!$I$2:$J$175,2,FALSE()),"Operations") -> Children Services
D23: =IF(OR(B23="",C23=""),"",IF(DATEDIF(C23,B23,"y")>=1,DATEDIF(C23,B23,"y")&IF(DATEDIF(C23,B23,"y")=1," year "," years ")&DATEDIF(C23,B23,"ym")&IF(DATEDIF(C23,B23,"ym")=1," month"," months"),IF(DATEDIF(C23,B23,"m")>=1,DATEDIF(C23,B23,"m")&IF(DATEDIF(C23,B23,"m")=1," month"," months"),DATEDIF(C23,B23,"d")&IF(DATEDIF(C23,B23,"d")=1," day"," days")))) | M23: =IFERROR(VLOOKUP(G23,Reference!$I$2:$J$175,2,FALSE()),"Operations") -> Operations
D24: =IF(OR(B24="",C24=""),"",IF(DATEDIF(C24,B24,"y")>=1,DATEDIF(C24,B24,"y")&IF(DATEDIF(C24,B24,"y")=1," year "," years ")&DATEDIF(C24,B24,"ym")&IF(DATEDIF(C24,B24,"ym")=1," month"," months"),IF(DATEDIF(C24,B24,"m")>=1,DATEDIF(C24,B24,"m")&IF(DATEDIF(C24,B24,"m")=1," month"," months"),DATEDIF(C24,B24,"d")&IF(DATEDIF(C24,B24,"d")=1," day"," days")))) | M24: =IFERROR(VLOOKUP(G24,Reference!$I$2:$J$175,2,FALSE()),"Operations") -> Operations
D25: =IF(OR(B25="",C25=""),"",IF(DATEDIF(C25,B25,"y")>=1,DATEDIF(C25,B25,"y")&IF(DATEDIF(C25,B25,"y")=1," year "," years ")&DATEDIF(C25,B25,"ym")&IF(DATEDIF(C25,B25,"ym")=1," month"," months"),IF(DATEDIF(C25,B25,"m")>=1,DATEDIF(C25,B25,"m")&IF(DATEDIF(C25,B25,"m")=1," month"," months"),DATEDIF(C25,B25,"d")&IF(DATEDIF(C25,B25,"d")=1," day"," days")))) | M25: =IFERROR(VLOOKUP(G25,Reference!$I$2:$J$175,2,FALSE()),"Operations") -> Operations
D26: =IF(OR(B26="",C26=""),"",IF(DATEDIF(C26,B26,"y")>=1,DATEDIF(C26,B26,"y")&IF(DATEDIF(C26,B26,"y")=1," year "," years ")&DATEDIF(C26,B26,"ym")&IF(DATEDIF(C26,B26,"ym")=1," month"," months"),IF(DATEDIF(C26,B26,"m")>=1,DATEDIF(C26,B26,"m")&IF(DATEDIF(C26,B26,"m")=1," month"," months"),DATEDIF(C26,B26,"d")&IF(DATEDIF(C26,B26,"d")=1," day"," days")))) | M26: =IFERROR(VLOOKUP(G26,Reference!$I$2:$J$175,2,FALSE()),"Operations") -> Operations
D27: =IF(OR(B27="",C27=""),"",IF(DATEDIF(C27,B27,"y")>=1,DATEDIF(C27,B27,"y")&IF(DATEDIF(C27,B27,"y")=1," year "," years ")&DATEDIF(C27,B27,"ym")&IF(DATEDIF(C27,B27,"ym")=1," month"," months"),IF(DATEDIF(C27,B27,"m")>=1,DATEDIF(C27,B27,"m")&IF(DATEDIF(C27,B27,"m")=1," month"," months"),DATEDIF(C27,B27,"d")&IF(DATEDIF(C27,B27,"d")=1," day"," days")))) | M27: =IFERROR(VLOOKUP(G27,Reference!$I$2:$J$175,2,FALSE()),"Operations") -> Operations
D28: =IF(OR(B28="",C28=""),"",IF(DATEDIF(C28,B28,"y")>=1,DATEDIF(C28,B28,"y")&IF(DATEDIF(C28,B28,"y")=1," year "," years ")&DATEDIF(C28,B28,"ym")&IF(DATEDIF(C28,B28,"ym")=1," month"," months"),IF(DATEDIF(C28,B28,"m")>=1,DATEDIF(C28,B28,"m")&IF(DATEDIF(C28,B28,"m")=1," month"," months"),DATEDIF(C28,B28,"d")&IF(DATEDIF(C28,B28,"d")=1," day"," days")))) | M28: =IFERROR(VLOOKUP(G28,Reference!$I$2:$J$175,2,FALSE()),"Operations") -> Operations
D29: =IF(OR(B29="",C29=""),"",IF(DATEDIF(C29,B29,"y")>=1,DATEDIF(C29,B29,"y")&IF(DATEDIF(C29,B29,"y")=1," year "," years ")&DATEDIF(C29,B29,"ym")&IF(DATEDIF(C29,B29,"ym")=1," month"," months"),IF(DATEDIF(C29,B29,"m")>=1,DATEDIF(C29,B29,"m")&IF(DATEDIF(C29,B29,"m")=1," month"," months"),DATEDIF(C29,B29,"d")&IF(DATEDIF(C29,B29,"d")=1," day"," days")))) | M29: =IFERROR(VLOOKUP(G29,Reference!$I$2:$J$175,2,FALSE()),"Operations") -> Operations
D30: =IF(OR(B30="",C30=""),"",IF(DATEDIF(C30,B30,"y")>=1,DATEDIF(C30,B30,"y")&IF(DATEDIF(C30,B30,"y")=1," year "," years ")&DATEDIF(C30,B30,"ym")&IF(DATEDIF(C30,B30,"ym")=1," month"," months"),IF(DATEDIF(C30,B30,"m")>=1,DATEDIF(C30,B30,"m")&IF(DATEDIF(C30,B30,"m")=1," month"," months"),DATEDIF(C30,B30,"d")&IF(DATEDIF(C30,B30,"d")=1," day"," days")))) | M30: =IFERROR(VLOOKUP(G30,Reference!$I$2:$J$175,2,FALSE()),"Operations") -> Operations
D31: =IF(OR(B31="",C31=""),"",IF(DATEDIF(C31,B31,"y")>=1,DATEDIF(C31,B31,"y")&IF(DATEDIF(C31,B31,"y")=1," year "," years ")&DATEDIF(C31,B31,"ym")&IF(DATEDIF(C31,B31,"ym")=1," month"," months"),IF(DATEDIF(C31,B31,"m")>=1,DATEDIF(C31,B31,"m")&IF(DATEDIF(C31,B31,"m")=1," month"," months"),DATEDIF(C31,B31,"d")&IF(DATEDIF(C31,B31,"d")=1," day"," days")))) | M31: =IFERROR(VLOOKUP(G31,Reference!$I$2:$J$175,2,FALSE()),"Operations") -> Operations
D32: =IF(OR(B32="",C32=""),"",IF(DATEDIF(C32,B32,"y")>=1,DATEDIF(C32,B32,"y")&IF(DATEDIF(C32,B32,"y")=1," year "," years ")&DATEDIF(C32,B32,"ym")&IF(DATEDIF(C32,B32,"ym")=1," month"," months"),IF(DATEDIF(C32,B32,"m")>=1,DATEDIF(C32,B32,"m")&IF(DATEDIF(C32,B32,"m")=1," month"," months"),DATEDIF(C32,B32,"d")&IF(DATEDIF(C32,B32,"d")=1," day"," days")))) | M32: =IFERROR(VLOOKUP(G32,Reference!$I$2:$J$175,2,FALSE()),"Operations") -> Operations
D33: =IF(OR(B33="",C33=""),"",IF(DATEDIF(C33,B33,"y")>=1,DATEDIF(C33,B33,"y")&IF(DATEDIF(C33,B33,"y")=1," year "," years ")&DATEDIF(C33,B33,"ym")&IF(DATEDIF(C33,B33,"ym")=1," month"," months"),IF(DATEDIF(C33,B33,"m")>=1,DATEDIF(C33,B33,"m")&IF(DATEDIF(C33,B33,"m")=1," month"," months"),DATEDIF(C33,B33,"d")&IF(DATEDIF(C33,B33,"d")=1," day"," days")))) | M33: =IFERROR(VLOOKUP(G33,Reference!$I$2:$J$175,2,FALSE()),"Operations") -> Operations
D34: =IF(OR(B34="",C34=""),"",IF(DATEDIF(C34,B34,"y")>=1,DATEDIF(C34,B34,"y")&IF(DATEDIF(C34,B34,"y")=1," year "," years ")&DATEDIF(C34,B34,"ym")&IF(DATEDIF(C34,B34,"ym")=1," month"," months"),IF(DATEDIF(C34,B34,"m")>=1,DATEDIF(C34,B34,"m")&IF(DATEDIF(C34,B34,"m")=1," month"," months"),DATEDIF(C34,B34,"d")&IF(DATEDIF(C34,B34,"d")=1," day"," days")))) | M34: =IFERROR(VLOOKUP(G34,Reference!$I$2:$J$175,2,FALSE()),"Operations") -> Operations
... D38: =IF(OR(B38="",C38=""),"",IF(DATEDIF(C38,B38,"y")>=1,DATEDIF(C38,B38,"y")&IF(DATEDIF(C38,B38,"y")=1," year "," years ")&DATEDIF(C38,B38,"ym")&IF(DATEDIF(C38,B38,"ym")=1," month"," months"),IF(DATEDIF(C38,B38,"m")>=1,DATEDIF(C38,B38,"m")&IF(DATEDIF(C38,B38,"m")=1," month"," months"),DATEDIF(C38,B38,"d")&IF(DATEDIF(C38,B38,"d")=1," day"," days")))) | M38: =IFERROR(VLOOKUP(G38,Reference!$I$2:$J$175,2,FALSE()),"Operations") -> Operations
A39: SUBTOTAL: | B39: =COUNTA(A9:A38) -> 14
A41: FEBRUARY 2025
A42: Name | B42: Date of Separation | C42: DOH | D42: Length of Service | E42: Eligible for Rehire | F42: Status | G42: Location | H42: Reason for Leaving | I42: Supervisor | J42: Exit Interview Date | K42: Job | L42: Comments | M42: Department
A43: Aaron Rutherford | B43: 45689 | D43: 2 years & 10 months | E43: No | F43: D | G43: Alger | H43: Job Abandonment | I43: Dawn Williams | K43: DSP | M43: =IFERROR(VLOOKUP(G43,Reference!$I$2:$J$175,2,FALSE()),"Operations") -> Operations
A44: Abigail Donald | B44: 45691 | D44: 2 years & 5 months | E44: No | F44: U | G44: Behavioral Health/Clinical Services | H44: Better Opportunity | I44: Crystal Hicks | K44: CM | M44: =IFERROR(VLOOKUP(G44,Reference!$I$2:$J$175,2,FALSE()),"Operations") -> Behavioral Health
A45: Trixy Huefner | B45: 45693 | D45: 3 days | E45: No | F45: U | G45: Thelma | H45: Personal Reasons | I45: Bethany Quiggle | K45: DSP | M45: =IFERROR(VLOOKUP(G45,Reference!$I$2:$J$175,2,FALSE()),"Operations") -> Operations
A46: Yajaria Herrara | B46: 45699 | D46: 3 weeks | E46: No | F46: D | G46: Floater | H46: Performance Issues | I46: Rebecca Smith | K46: Sub/Floater | M46: =IFERROR(VLOOKUP(G46,Reference!$I$2:$J$175,2,FALSE()),"Operations") -> Operations
A47: Djuana Reed | B47: 45701 | D47: 1 year and 5 months | E47: Yes | F47: D | G47: Remote | H47: Other | I47: Aaron Price | K47: Other | M47: =IFERROR(VLOOKUP(G47,Reference!$I$2:$J$175,2,FALSE()),"Operations") -> Operations
A48: Elizabeth Harris | B48: 45703 | D48: 8 months | E48: Yes | F48: U | G48: Thelma | H48: Better Opportunity | I48: Bethany Quiggle | K48: DSP | M48: =IFERROR(VLOOKUP(G48,Reference!$I$2:$J$175,2,FALSE()),"Operations") -> Operations
A49: Amber Carrol | B49: 45706 | D49: 11 months | E49: Yes | F49: U | G49: BP 702 | H49: Better Opportunity | I49: Alishia Jones | K49: DSP | M49: =IFERROR(VLOOKUP(G49,Reference!$I$2:$J$175,2,FALSE()),"Operations") -> Operations
A50: Jessica Solis | B50: 45706 | D50: 7 months | E50: No | F50: U | G50: Family Support | H50: Personal Reasons | I50: Regina Wilson | K50: Family Support | M50: =IFERROR(VLOOKUP(G50,Reference!$I$2:$J$175,2,FALSE()),"Operations") -> Family Support
A51: Kim Sharp | B51: 45709 | D51: 10 Years | E51: No | F51: D | G51: Lower Valley | H51: Better Opportunity | I51: Kasey Foster | K51: DSP | M51: =IFERROR(VLOOKUP(G51,Reference!$I$2:$J$175,2,FALSE()),"Operations") -> Operations
A52: Misty Mayes | B52: 45714 | D52: 13 days | E52: No | F52: U | G52: Sapphire | H52: Job Abandonment | I52: Sarah Allen | K52: DSP | M52: =IFERROR(VLOOKUP(G52,Reference!$I$2:$J$175,2,FALSE()),"Operations") -> Operations
A53: Annie McAmis | B53: 45716 | D53: 1 year | E53: Yes | F53: U | G53: Hamilton B | H53: Other | I53: Mackayla Smith | K53: DSP | M53: =IFERROR(VLOOKUP(G53,Reference!$I$2:$J$175,2,FALSE()),"Operations") -> Operations
A54: Zoey Spencer | B54: 45715 | D54: 4 months | E54: No | F54: U | G54: Dalton | H54: Better Opportunity | I54: Orian Miller | K54: DSP | M54: =IFERROR(VLOOKUP(G54,Reference!$I$2:$J$175,2,FALSE()),"Operations") -> Operations
A55: Sarah Vega | B55: 45716 | D55: 11 months | E55: No | F55: D | G55: Livingston/196 Latimer | H55: Termination | I55: Sheri McMahan | K55: DSP | M55: =IFERROR(VLOOKUP(G55,Reference!$I$2:$J$175,2,FALSE()),"Operations") -> Operations
D56: =IF(OR(B56="",C56=""),"",IF(DATEDIF(C56,B56,"y")>=1,DATEDIF(C56,B56,"y")&IF(DATEDIF(C56,B56,"y")=1," year "," years ")&DATEDIF(C56,B56,"ym")&IF(DATEDIF(C56,B56,"ym")=1," month"," months"),IF(DATEDIF(C56,B56,"m")>=1,DATEDIF(C56,B56,"m")&IF(DATEDIF(C56,B56,"m")=1," month"," months"),DATEDIF(C56,B56,"d")&IF(DATEDIF(C56,B56,"d")=1," day"," days")))) | M56: =IFERROR(VLOOKUP(G56,Reference!$I$2:$J$175,2,FALSE()),"Operations") -> Operations
D57: =IF(OR(B57="",C57=""),"",IF(DATEDIF(C57,B57,"y")>=1,DATEDIF(C57,B57,"y")&IF(DATEDIF(C57,B57,"y")=1," year "," years ")&DATEDIF(C57,B57,"ym")&IF(DATEDIF(C57,B57,"ym")=1," month"," months"),IF(DATEDIF(C57,B57,"m")>=1,DATEDIF(C57,B57,"m")&IF(DATEDIF(C57,B57,"m")=1," month"," months"),DATEDIF(C57,B57,"d")&IF(DATEDIF(C57,B57,"d")=1," day"," days")))) | M57: =IFERROR(VLOOKUP(G57,Reference!$I$2:$J$175,2,FALSE()),"Operations") -> Operations
D58: =IF(OR(B58="",C58=""),"",IF(DATEDIF(C58,B58,"y")>=1,DATEDIF(C58,B58,"y")&IF(DATEDIF(C58,B58,"y")=1," year "," years ")&DATEDIF(C58,B58,"ym")&IF(DATEDIF(C58,B58,"ym")=1," month"," months"),IF(DATEDIF(C58,B58,"m")>=1,DATEDIF(C58,B58,"m")&IF(DATEDIF(C58,B58,"m")=1," month"," months"),DATEDIF(C58,B58,"d")&IF(DATEDIF(C58,B58,"d")=1," day"," days")))) | M58: =IFERROR(VLOOKUP(G58,Reference!$I$2:$J$175,2,FALSE()),"Operations") -> Operations
D59: =IF(OR(B59="",C59=""),"",IF(DATEDIF(C59,B59,"y")>=1,DATEDIF(C59,B59,"y")&IF(DATEDIF(C59,B59,"y")=1," year "," years ")&DATEDIF(C59,B59,"ym")&IF(DATEDIF(C59,B59,"ym")=1," month"," months"),IF(DATEDIF(C59,B59,"m")>=1,DATEDIF(C59,B59,"m")&IF(DATEDIF(C59,B59,"m")=1," month"," months"),DATEDIF(C59,B59,"d")&IF(DATEDIF(C59,B59,"d")=1," day"," days")))) | M59: =IFERROR(VLOOKUP(G59,Reference!$I$2:$J$175,2,FALSE()),"Operations") -> Operations
D60: =IF(OR(B60="",C60=""),"",IF(DATEDIF(C60,B60,"y")>=1,DATEDIF(C60,B60,"y")&IF(DATEDIF(C60,B60,"y")=1," year "," years ")&DATEDIF(C60,B60,"ym")&IF(DATEDIF(C60,B60,"ym")=1," month"," months"),IF(DATEDIF(C60,B60,"m")>=1,DATEDIF(C60,B60,"m")&IF(DATEDIF(C60,B60,"m")=1," month"," months"),DATEDIF(C60,B60,"d")&IF(DATEDIF(C60,B60,"d")=1," day"," days")))) | M60: =IFERROR(VLOOKUP(G60,Reference!$I$2:$J$175,2,FALSE()),"Operations") -> Operations
D61: =IF(OR(B61="",C61=""),"",IF(DATEDIF(C61,B61,"y")>=1,DATEDIF(C61,B61,"y")&IF(DATEDIF(C61,B61,"y")=1," year "," years ")&DATEDIF(C61,B61,"ym")&IF(DATEDIF(C61,B61,"ym")=1," month"," months"),IF(DATEDIF(C61,B61,"m")>=1,DATEDIF(C61,B61,"m")&IF(DATEDIF(C61,B61,"m")=1," month"," months"),DATEDIF(C61,B61,"d")&IF(DATEDIF(C61,B61,"d")=1," day"," days")))) | M61: =IFERROR(VLOOKUP(G61,Reference!$I$2:$J$175,2,FALSE()),"Operations") -> Operations
D62: =IF(OR(B62="",C62=""),"",IF(DATEDIF(C62,B62,"y")>=1,DATEDIF(C62,B62,"y")&IF(DATEDIF(C62,B62,"y")=1," year "," years ")&DATEDIF(C62,B62,"ym")&IF(DATEDIF(C62,B62,"ym")=1," month"," months"),IF(DATEDIF(C62,B62,"m")>=1,DATEDIF(C62,B62,"m")&IF(DATEDIF(C62,B62,"m")=1," month"," months"),DATEDIF(C62,B62,"d")&IF(DATEDIF(C62,B62,"d")=1," day"," days")))) | M62: =IFERROR(VLOOKUP(G62,Reference!$I$2:$J$175,2,FALSE()),"Operations") -> Operations
D63: =IF(OR(B63="",C63=""),"",IF(DATEDIF(C63,B63,"y")>=1,DATEDIF(C63,B63,"y")&IF(DATEDIF(C63,B63,"y")=1," year "," years ")&DATEDIF(C63,B63,"ym")&IF(DATEDIF(C63,B63,"ym")=1," month"," months"),IF(DATEDIF(C63,B63,"m")>=1,DATEDIF(C63,B63,"m")&IF(DATEDIF(C63,B63,"m")=1," month"," months"),DATEDIF(C63,B63,"d")&IF(DATEDIF(C63,B63,"d")=1," day"," days")))) | M63: =IFERROR(VLOOKUP(G63,Reference!$I$2:$J$175,2,FALSE()),"Operations") -> Operations
D64: =IF(OR(B64="",C64=""),"",IF(DATEDIF(C64,B64,"y")>=1,DATEDIF(C64,B64,"y")&IF(DATEDIF(C64,B64,"y")=1," year "," years ")&DATEDIF(C64,B64,"ym")&IF(DATEDIF(C64,B64,"ym")=1," month"," months"),IF(DATEDIF(C64,B64,"m")>=1,DATEDIF(C64,B64,"m")&IF(DATEDIF(C64,B64,"m")=1," month"," months"),DATEDIF(C64,B64,"d")&IF(DATEDIF(C64,B64,"d")=1," day"," days")))) | M64: =IFERROR(VLOOKUP(G64,Reference!$I$2:$J$175,2,FALSE()),"Operations") -> Operations
D65: =IF(OR(B65="",C65=""),"",IF(DATEDIF(C65,B65,"y")>=1,DATEDIF(C65,B65,"y")&IF(DATEDIF(C65,B65,"y")=1," year "," years ")&DATEDIF(C65,B65,"ym")&IF(DATEDIF(C65,B65,"ym")=1," month"," months"),IF(DATEDIF(C65,B65,"m")>=1,DATEDIF(C65,B65,"m")&IF(DATEDIF(C65,B65,"m")=1," month"," months"),DATEDIF(C65,B65,"d")&IF(DATEDIF(C65,B65,"d")=1," day"," days")))) | M65: =IFERROR(VLOOKUP(G65,Reference!$I$2:$J$175,2,FALSE()),"Operations") -> Operations
D66: =IF(OR(B66="",C66=""),"",IF(DATEDIF(C66,B66,"y")>=1,DATEDIF(C66,B66,"y")&IF(DATEDIF(C66,B66,"y")=1," year "," years ")&DATEDIF(C66,B66,"ym")&IF(DATEDIF(C66,B66,"ym")=1," month"," months"),IF(DATEDIF(C66,B66,"m")>=1,DATEDIF(C66,B66,"m")&IF(DATEDIF(C66,B66,"m")=1," month"," months"),DATEDIF(C66,B66,"d")&IF(DATEDIF(C66,B66,"d")=1," day"," days")))) | M66: =IFERROR(VLOOKUP(G66,Reference!$I$2:$J$175,2,FALSE()),"Operations") -> Operations
D67: =IF(OR(B67="",C67=""),"",IF(DATEDIF(C67,B67,"y")>=1,DATEDIF(C67,B67,"y")&IF(DATEDIF(C67,B67,"y")=1," year "," years ")&DATEDIF(C67,B67,"ym")&IF(DATEDIF(C67,B67,"ym")=1," month"," months"),IF(DATEDIF(C67,B67,"m")>=1,DATEDIF(C67,B67,"m")&IF(DATEDIF(C67,B67,"m")=1," month"," months"),DATEDIF(C67,B67,"d")&IF(DATEDIF(C67,B67,"d")=1," day"," days")))) | M67: =IFERROR(VLOOKUP(G67,Reference!$I$2:$J$175,2,FALSE()),"Operations") -> Operations
... D72: =IF(OR(B72="",C72=""),"",IF(DATEDIF(C72,B72,"y")>=1,DATEDIF(C72,B72,"y")&IF(DATEDIF(C72,B72,"y")=1," year "," years ")&DATEDIF(C72,B72,"ym")&IF(DATEDIF(C72,B72,"ym")=1," month"," months"),IF(DATEDIF(C72,B72,"m")>=1,DATEDIF(C72,B72,"m")&IF(DATEDIF(C72,B72,"m")=1," month"," months"),DATEDIF(C72,B72,"d")&IF(DATEDIF(C72,B72,"d")=1," day"," days")))) | M72: =IFERROR(VLOOKUP(G72,Reference!$I$2:$J$175,2,FALSE()),"Operations") -> Operations
A73: SUBTOTAL: | B73: =COUNTA(A43:A72) -> 13
A75: MARCH 2025
A76: Name | B76: Date of Separation | C76: DOH | D76: Length of Service | E76: Eligible for Rehire | F76: Status | G76: Location | H76: Reason for Leaving | I76: Supervisor | J76: Exit Interview Date | K76: Job | L76: Comments | M76: Department
A77: Christine Bryson | B77: 45727 | D77: 1 year and 3 months | E77: No | F77: U | G77: Sapphire | H77: Personal Reasons | I77: Ashanti Avila-Ramos | K77: DSP | M77: =IFERROR(VLOOKUP(G77,Reference!$I$2:$J$175,2,FALSE()),"Operations") -> Operations
A78: Charlsea Burton | B78: 45730 | D78: 7 days | E78: No | F78: U | G78: Sapphire | H78: Job Abandonment | I78: Sarah Allen | K78: DSP | M78: =IFERROR(VLOOKUP(G78,Reference!$I$2:$J$175,2,FALSE()),"Operations") -> Operations
A79: Merari Morales | B79: 45731 | D79: 9 months | E79: Yes | F79: U | G79: 2290 Turnpike | H79: Better Opportunity | I79: Savanna Daniels | K79: DSP | M79: =IFERROR(VLOOKUP(G79,Reference!$I$2:$J$175,2,FALSE()),"Operations") -> Operations
A80: Naseen Safa | B80: 45734 | D80: 8 days | E80: No | F80: U | G80: 1113 McAdoo | H80: Job Abandonment | I80: Sheri McMahan | K80: DSP | M80: =IFERROR(VLOOKUP(G80,Reference!$I$2:$J$175,2,FALSE()),"Operations") -> Operations
A81: Madison Bourff | B81: 45734 | D81: 2 months | E81: No | F81: D | G81: ELC | H81: Personal Reasons | I81: Kiersten Wilkerson | K81: Sub/Floater | M81: =IFERROR(VLOOKUP(G81,Reference!$I$2:$J$175,2,FALSE()),"Operations") -> Children Services
A82: Becky Godsey | B82: 45734 | D82: 13 Years | E82: No | F82: D | G82: NA | H82: Personal Reasons | I82: Layla Fisher | K82: DSP | M82: =IFERROR(VLOOKUP(G82,Reference!$I$2:$J$175,2,FALSE()),"Operations") -> Operations
A83: Kaylia Colwell | B83: 45734 | D83: 1 month | E83: No | F83: U | G83: Hamilton A | H83: Job Abandonment | I83: Michaela Smith | K83: DSP | M83: =IFERROR(VLOOKUP(G83,Reference!$I$2:$J$175,2,FALSE()),"Operations") -> Operations
A84: Brennan Nicholson | B84: 45736 | D84: 10 months | E84: Yes | F84: U | G84: 2290 Turnpike | H84: Better Opportunity | I84: Savanna Daniels | K84: DSP | M84: =IFERROR(VLOOKUP(G84,Reference!$I$2:$J$175,2,FALSE()),"Operations") -> Operations
A85: Dusty Disney | B85: 45737 | D85: 3 years | E85: Yes | F85: U | G85: Finance | H85: Personal Reasons | I85: Elyse Vanlandingham | K85: Finance | M85: =IFERROR(VLOOKUP(G85,Reference!$I$2:$J$175,2,FALSE()),"Operations") -> Finance
A86: Tyler Bouchelle | B86: 45743 | D86: 1 month | E86: No | F86: U | G86: Livingston | H86: Better Opportunity | I86: Sheri McMahan | K86: DSP | M86: =IFERROR(VLOOKUP(G86,Reference!$I$2:$J$175,2,FALSE()),"Operations") -> Operations
A87: Destiny Kelly | B87: 45744 | D87: 1 yr 3 months | E87: Yes | F87: U | G87: Workforce Innovation | H87: Better Opportunity | I87: Miranda Kelley | K87: Job Coach/WI | M87: =IFERROR(VLOOKUP(G87,Reference!$I$2:$J$175,2,FALSE()),"Operations") -> Employment Services
A88: Kaelynn Godfrey | B88: 45744 | D88: 8 months | E88: No | F88: U | G88: LLL | H88: Better Opportunity | I88: Brittany Webb | K88: Sub/Floater | M88: =IFERROR(VLOOKUP(G88,Reference!$I$2:$J$175,2,FALSE()),"Operations") -> Children Services
D89: =IF(OR(B89="",C89=""),"",IF(DATEDIF(C89,B89,"y")>=1,DATEDIF(C89,B89,"y")&IF(DATEDIF(C89,B89,"y")=1," year "," years ")&DATEDIF(C89,B89,"ym")&IF(DATEDIF(C89,B89,"ym")=1," month"," months"),IF(DATEDIF(C89,B89,"m")>=1,DATEDIF(C89,B89,"m")&IF(DATEDIF(C89,B89,"m")=1," month"," months"),DATEDIF(C89,B89,"d")&IF(DATEDIF(C89,B89,"d")=1," day"," days")))) | M89: =IFERROR(VLOOKUP(G89,Reference!$I$2:$J$175,2,FALSE()),"Operations") -> Operations
D90: =IF(OR(B90="",C90=""),"",IF(DATEDIF(C90,B90,"y")>=1,DATEDIF(C90,B90,"y")&IF(DATEDIF(C90,B90,"y")=1," year "," years ")&DATEDIF(C90,B90,"ym")&IF(DATEDIF(C90,B90,"ym")=1," month"," months"),IF(DATEDIF(C90,B90,"m")>=1,DATEDIF(C90,B90,"m")&IF(DATEDIF(C90,B90,"m")=1," month"," months"),DATEDIF(C90,B90,"d")&IF(DATEDIF(C90,B90,"d")=1," day"," days")))) | M90: =IFERROR(VLOOKUP(G90,Reference!$I$2:$J$175,2,FALSE()),"Operations") -> Operations
D91: =IF(OR(B91="",C91=""),"",IF(DATEDIF(C91,B91,"y")>=1,DATEDIF(C91,B91,"y")&IF(DATEDIF(C91,B91,"y")=1," year "," years ")&DATEDIF(C91,B91,"ym")&IF(DATEDIF(C91,B91,"ym")=1," month"," months"),IF(DATEDIF(C91,B91,"m")>=1,DATEDIF(C91,B91,"m")&IF(DATEDIF(C91,B91,"m")=1," month"," months"),DATEDIF(C91,B91,"d")&IF(DATEDIF(C91,B91,"d")=1," day"," days")))) | M91: =IFERROR(VLOOKUP(G91,Reference!$I$2:$J$175,2,FALSE()),"Operations") -> Operations
D92: =IF(OR(B92="",C92=""),"",IF(DATEDIF(C92,B92,"y")>=1,DATEDIF(C92,B92,"y")&IF(DATEDIF(C92,B92,"y")=1," year "," years ")&DATEDIF(C92,B92,"ym")&IF(DATEDIF(C92,B92,"ym")=1," month"," months"),IF(DATEDIF(C92,B92,"m")>=1,DATEDIF(C92,B92,"m")&IF(DATEDIF(C92,B92,"m")=1," month"," months"),DATEDIF(C92,B92,"d")&IF(DATEDIF(C92,B92,"d")=1," day"," days")))) | M92: =IFERROR(VLOOKUP(G92,Reference!$I$2:$J$175,2,FALSE()),"Operations") -> Operations
D93: =IF(OR(B93="",C93=""),"",IF(DATEDIF(C93,B93,"y")>=1,DATEDIF(C93,B93,"y")&IF(DATEDIF(C93,B93,"y")=1," year "," years ")&DATEDIF(C93,B93,"ym")&IF(DATEDIF(C93,B93,"ym")=1," month"," months"),IF(DATEDIF(C93,B93,"m")>=1,DATEDIF(C93,B93,"m")&IF(DATEDIF(C93,B93,"m")=1," month"," months"),DATEDIF(C93,B93,"d")&IF(DATEDIF(C93,B93,"d")=1," day"," days")))) | M93: =IFERROR(VLOOKUP(G93,Reference!$I$2:$J$175,2,FALSE()),"Operations") -> Operations
D94: =IF(OR(B94="",C94=""),"",IF(DATEDIF(C94,B94,"y")>=1,DATEDIF(C94,B94,"y")&IF(DATEDIF(C94,B94,"y")=1," year "," years ")&DATEDIF(C94,B94,"ym")&IF(DATEDIF(C94,B94,"ym")=1," month"," months"),IF(DATEDIF(C94,B94,"m")>=1,DATEDIF(C94,B94,"m")&IF(DATEDIF(C94,B94,"m")=1," month"," months"),DATEDIF(C94,B94,"d")&IF(DATEDIF(C94,B94,"d")=1," day"," days")))) | M94: =IFERROR(VLOOKUP(G94,Reference!$I$2:$J$175,2,FALSE()),"Operations") -> Operations
D95: =IF(OR(B95="",C95=""),"",IF(DATEDIF(C95,B95,"y")>=1,DATEDIF(C95,B95,"y")&IF(DATEDIF(C95,B95,"y")=1," year "," years ")&DATEDIF(C95,B95,"ym")&IF(DATEDIF(C95,B95,"ym")=1," month"," months"),IF(DATEDIF(C95,B95,"m")>=1,DATEDIF(C95,B95,"m")&IF(DATEDIF(C95,B95,"m")=1," month"," months"),DATEDIF(C95,B95,"d")&IF(DATEDIF(C95,B95,"d")=1," day"," days")))) | M95: =IFERROR(VLOOKUP(G95,Reference!$I$2:$J$175,2,FALSE()),"Operations") -> Operations
D96: =IF(OR(B96="",C96=""),"",IF(DATEDIF(C96,B96,"y")>=1,DATEDIF(C96,B96,"y")&IF(DATEDIF(C96,B96,"y")=1," year "," years ")&DATEDIF(C96,B96,"ym")&IF(DATEDIF(C96,B96,"ym")=1," month"," months"),IF(DATEDIF(C96,B96,"m")>=1,DATEDIF(C96,B96,"m")&IF(DATEDIF(C96,B96,"m")=1," month"," months"),DATEDIF(C96,B96,"d")&IF(DATEDIF(C96,B96,"d")=1," day"," days")))) | M96: =IFERROR(VLOOKUP(G96,Reference!$I$2:$J$175,2,FALSE()),"Operations") -> Operations
D97: =IF(OR(B97="",C97=""),"",IF(DATEDIF(C97,B97,"y")>=1,DATEDIF(C97,B97,"y")&IF(DATEDIF(C97,B97,"y")=1," year "," years ")&DATEDIF(C97,B97,"ym")&IF(DATEDIF(C97,B97,"ym")=1," month"," months"),IF(DATEDIF(C97,B97,"m")>=1,DATEDIF(C97,B97,"m")&IF(DATEDIF(C97,B97,"m")=1," month"," months"),DATEDIF(C97,B97,"d")&IF(DATEDIF(C97,B97,"d")=1," day"," days")))) | M97: =IFERROR(VLOOKUP(G97,Reference!$I$2:$J$175,2,FALSE()),"Operations") -> Operations
D98: =IF(OR(B98="",C98=""),"",IF(DATEDIF(C98,B98,"y")>=1,DATEDIF(C98,B98,"y")&IF(DATEDIF(C98,B98,"y")=1," year "," years ")&DATEDIF(C98,B98,"ym")&IF(DATEDIF(C98,B98,"ym")=1," month"," months"),IF(DATEDIF(C98,B98,"m")>=1,DATEDIF(C98,B98,"m")&IF(DATEDIF(C98,B98,"m")=1," month"," months"),DATEDIF(C98,B98,"d")&IF(DATEDIF(C98,B98,"d")=1," day"," days")))) | M98: =IFERROR(VLOOKUP(G98,Reference!$I$2:$J$175,2,FALSE()),"Operations") -> Operations
D99: =IF(OR(B99="",C99=""),"",IF(DATEDIF(C99,B99,"y")>=1,DATEDIF(C99,B99,"y")&IF(DATEDIF(C99,B99,"y")=1," year "," years ")&DATEDIF(C99,B99,"ym")&IF(DATEDIF(C99,B99,"ym")=1," month"," months"),IF(DATEDIF(C99,B99,"m")>=1,DATEDIF(C99,B99,"m")&IF(DATEDIF(C99,B99,"m")=1," month"," months"),DATEDIF(C99,B99,"d")&IF(DATEDIF(C99,B99,"d")=1," day"," days")))) | M99: =IFERROR(VLOOKUP(G99,Reference!$I$2:$J$175,2,FALSE()),"Operations") -> Operations
D100: =IF(OR(B100="",C100=""),"",IF(DATEDIF(C100,B100,"y")>=1,DATEDIF(C100,B100,"y")&IF(DATEDIF(C100,B100,"y")=1," year "," years ")&DATEDIF(C100,B100,"ym")&IF(DATEDIF(C100,B100,"ym")=1," month"," months"),IF(DATEDIF(C100,B100,"m")>=1,DATEDIF(C100,B100,"m")&IF(DATEDIF(C100,B100,"m")=1," month"," months"),DATEDIF(C100,B100,"d")&IF(DATEDIF(C100,B100,"d")=1," day"," days")))) | M100: =IFERROR(VLOOKUP(G100,Reference!$I$2:$J$175,2,FALSE()),"Operations") -> Operations
... D106: =IF(OR(B106="",C106=""),"",IF(DATEDIF(C106,B106,"y")>=1,DATEDIF(C106,B106,"y")&IF(DATEDIF(C106,B106,"y")=1," year "," years ")&DATEDIF(C106,B106,"ym")&IF(DATEDIF(C106,B106,"ym")=1," month"," months"),IF(DATEDIF(C106,B106,"m")>=1,DATEDIF(C106,B106,"m")&IF(DATEDIF(C106,B106,"m")=1," month"," months"),DATEDIF(C106,B106,"d")&IF(DATEDIF(C106,B106,"d")=1," day"," days")))) | M106: =IFERROR(VLOOKUP(G106,Reference!$I$2:$J$175,2,FALSE()),"Operations") -> Operations
A107: SUBTOTAL: | B107: =COUNTA(A77:A106) -> 12
A109: APRIL 2025
A110: Name | B110: Date of Separation | C110: DOH | D110: Length of Service | E110: Eligible for Rehire | F110: Status | G110: Location | H110: Reason for Leaving | I110: Supervisor | J110: Exit Interview Date | K110: Job | L110: Comments | M110: Department
A111: Wilondia “Benard” Musukwa | B111: 45751 | D111: Less than 2 weeks | E111: No | F111: D | G111: 1113 McAdoo | H111: Performance Issues | I111: Rebecca Smith | K111: DSP | M111: =IFERROR(VLOOKUP(G111,Reference!$I$2:$J$175,2,FALSE()),"Operations") -> Operations
A112: Melinda Bell | B112: 45754 | D112: Less than 2 weeks | E112: No | F112: D | G112: Sapphire | H112: Attendance Issues | I112: Sarah Allen | K112: DSP | M112: =IFERROR(VLOOKUP(G112,Reference!$I$2:$J$175,2,FALSE()),"Operations") -> Operations
A113: Hope Jenkins | B113: 45757 | D113: 3 months | E113: No | F113: U | G113: Northwestern | H113: Personal Reasons | I113: Michelle Shafer | K113: DSP | M113: =IFERROR(VLOOKUP(G113,Reference!$I$2:$J$175,2,FALSE()),"Operations") -> Operations
A114: Jenny Wagner | B114: 45762 | D114: 1 month | E114: No | F114: U | G114: Hamilton B | H114: Job Abandonment | I114: Michaela Smith | K114: DSP | M114: =IFERROR(VLOOKUP(G114,Reference!$I$2:$J$175,2,FALSE()),"Operations") -> Operations
A115: Joni Hodge | B115: 45762 | D115: 9 years | E115: Yes | F115: U | G115: EI | H115: Resignation | I115: Anna Moore | K115: EI | M115: =IFERROR(VLOOKUP(G115,Reference!$I$2:$J$175,2,FALSE()),"Operations") -> Children Services
A116: Kimberly Bowman | B116: 45768 | D116: 3 weeks | E116: No | F116: D | G116: Human Resources | H116: Termination | I116: Kim Whitaker | K116: HR | M116: =IFERROR(VLOOKUP(G116,Reference!$I$2:$J$175,2,FALSE()),"Operations") -> Human Resources
A117: Kandi Miller | B117: 45777 | D117: 1yr | E117: No | F117: D | G117: Livingston | H117: Resignation | I117: Sheri McMahan | K117: DSP | M117: =IFERROR(VLOOKUP(G117,Reference!$I$2:$J$175,2,FALSE()),"Operations") -> Operations
D118: =IF(OR(B118="",C118=""),"",IF(DATEDIF(C118,B118,"y")>=1,DATEDIF(C118,B118,"y")&IF(DATEDIF(C118,B118,"y")=1," year "," years ")&DATEDIF(C118,B118,"ym")&IF(DATEDIF(C118,B118,"ym")=1," month"," months"),IF(DATEDIF(C118,B118,"m")>=1,DATEDIF(C118,B118,"m")&IF(DATEDIF(C118,B118,"m")=1," month"," months"),DATEDIF(C118,B118,"d")&IF(DATEDIF(C118,B118,"d")=1," day"," days")))) | M118: =IFERROR(VLOOKUP(G118,Reference!$I$2:$J$175,2,FALSE()),"Operations") -> Operations
D119: =IF(OR(B119="",C119=""),"",IF(DATEDIF(C119,B119,"y")>=1,DATEDIF(C119,B119,"y")&IF(DATEDIF(C119,B119,"y")=1," year "," years ")&DATEDIF(C119,B119,"ym")&IF(DATEDIF(C119,B119,"ym")=1," month"," months"),IF(DATEDIF(C119,B119,"m")>=1,DATEDIF(C119,B119,"m")&IF(DATEDIF(C119,B119,"m")=1," month"," months"),DATEDIF(C119,B119,"d")&IF(DATEDIF(C119,B119,"d")=1," day"," days")))) | M119: =IFERROR(VLOOKUP(G119,Reference!$I$2:$J$175,2,FALSE()),"Operations") -> Operations
...

Sheet FY 2024 (Jan24-Dec24)
A2: EMPLOYEE SEPARATION SUMMARY — FY 2024
A3: January 2024 — December 2024 | Emory Valley Center
A5: Active Employees: | B5: 339 | D5: YTD Separations: | E5: =B39+B73+B107+B141+B175+B209+B243+B277+B311+B345+B379+B413 -> 158 | G5: TOR %: | H5: =IF(B5=0,0,E5/B5) -> 0.4660767
A7: JANUARY 2024
A8: Name | B8: Date of Separation | C8: DOH | D8: Length of Service | E8: Eligible for Rehire | F8: Status | G8: Location | H8: Reason for Leaving | I8: Supervisor | J8: Exit Interview Date | K8: Job | L8: Comments | M8: Department
A9: Kerri Shelton | D9: 1 year and 8 months | E9: Yes | F9: U | G9: Northwestern | H9: Relocation | I9: Kasey Foster | K9: DSP | M9: =IFERROR(VLOOKUP(G9,Reference!$I$2:$J$175,2,FALSE()),"Operations") -> Operations
A10: Cade Crowe | D10: 6 months | E10: Yes | F10: U | H10: Personal Reasons | I10: Crystal Hicks | K10: Other | M10: =IFERROR(VLOOKUP(G10,Reference!$I$2:$J$175,2,FALSE()),"Operations") -> Operations
A11: Paul Nipper | D11: 1/15/2024 (1year and 1 month) | E11: Yes | F11: U | G11: 196 Latimer | H11: Personal Reasons | I11: Kayla Birdswell | K11: DSP | M11: =IFERROR(VLOOKUP(G11,Reference!$I$2:$J$175,2,FALSE()),"Operations") -> Operations
A12: James Leighner | D12: 1/15/2024 (5 months) | E12: Yes | F12: U | G12: Atlanta | H12: Personal Reasons | I12: Kayla Birdswell | K12: DSP | M12: =IFERROR(VLOOKUP(G12,Reference!$I$2:$J$175,2,FALSE()),"Operations") -> Operations
A13: Daisy Pratt | D13: 23 years | E13: Yes | F13: U | G13: Worforce | H13: Other | I13: Miranda McClain | K13: Job Coach/WI | M13: =IFERROR(VLOOKUP(G13,Reference!$I$2:$J$175,2,FALSE()),"Operations") -> Operations
A14: Fila Munuo | D14: 5 years and 1 month | E14: Yes | F14: U | G14: Sapphire | H14: Personal Reasons | I14: Rebecca Smith | K14: DSP | M14: =IFERROR(VLOOKUP(G14,Reference!$I$2:$J$175,2,FALSE()),"Operations") -> Operations
A15: Sean Green | D15: 1/29/2024 (8 years and 5 months) | E15: Yes | F15: U | G15: 162 Wadsworth | H15: Personal Reasons | I15: Rebecca Smith | K15: DSP | M15: =IFERROR(VLOOKUP(G15,Reference!$I$2:$J$175,2,FALSE()),"Operations") -> Operations
A16: Cardiana Davis | D16: 3 years and 7 months | E16: Yes | F16: U | G16: Ulena | H16: Other | I16: Sherri McMahan | K16: DSP | M16: =IFERROR(VLOOKUP(G16,Reference!$I$2:$J$175,2,FALSE()),"Operations") -> Operations
A17: Cynthia Gillars | D17: 2 years | E17: Yes | F17: U | G17: Professional Services | H17: Better Opportunity | I17: Michele West | K17: CM | M17: =IFERROR(VLOOKUP(G17,Reference!$I$2:$J$175,2,FALSE()),"Operations") -> Professional Services
A18: Carol Faulkner | D18: 1 year and 6 months | E18: No | F18: U | G18: 702 Bristol | H18: Relocation | I18: Rebecca Smith | K18: DSP | M18: =IFERROR(VLOOKUP(G18,Reference!$I$2:$J$175,2,FALSE()),"Operations") -> Operations
A19: Christina Westernman | D19: 2 1/2 months | E19: No | F19: U | G19: 162 Wadsworth | H19: Other | I19: Rebecca Smith | K19: DSP | M19: =IFERROR(VLOOKUP(G19,Reference!$I$2:$J$175,2,FALSE()),"Operations") -> Operations
A20: Patricia Gordon | D20: 2 years and 3 months | E20: Yes | F20: U | G20: Floater | H20: Personal Reasons | I20: Rebecca Smith | K20: DSP | M20: =IFERROR(VLOOKUP(G20,Reference!$I$2:$J$175,2,FALSE()),"Operations") -> Operations
A21: Lesa Alcorn | D21: 4 months | E21: Yes | F21: U | G21: 196 Laimter | H21: Personal Reasons | I21: Kayla Birdswell | K21: DSP | M21: =IFERROR(VLOOKUP(G21,Reference!$I$2:$J$175,2,FALSE()),"Operations") -> Operations
A22: Melissa Lessard | D22: 5 months | E22: No | F22: U | G22: Ulena | H22: Better Opportunity | I22: Sherri McMahan | K22: DSP | M22: =IFERROR(VLOOKUP(G22,Reference!$I$2:$J$175,2,FALSE()),"Operations") -> Operations
... A32: Rebecca Kern | D32: 2 1/2 months | E32: No | F32: U | G32: 162 Wadsworth | H32: Other | I32: Rebecca Smith | K32: DSP | M32: =IFERROR(VLOOKUP(G32,Reference!$I$2:$J$175,2,FALSE()),"Operations") -> Operations
D33: =IF(OR(B33="",C33=""),"",IF(DATEDIF(C33,B33,"y")>=1,DATEDIF(C33,B33,"y")&IF(DATEDIF(C33,B33,"y")=1," year "," years ")&DATEDIF(C33,B33,"ym")&IF(DATEDIF(C33,B33,"ym")=1," month"," months"),IF(DATEDIF(C33,B33,"m")>=1,DATEDIF(C33,B33,"m")&IF(DATEDIF(C33,B33,"m")=1," month"," months"),DATEDIF(C33,B33,"d")&IF(DATEDIF(C33,B33,"d")=1," day"," days")))) | M33: =IFERROR(VLOOKUP(G33,Reference!$I$2:$J$175,2,FALSE()),"Operations") -> Operations
D34: =IF(OR(B34="",C34=""),"",IF(DATEDIF(C34,B34,"y")>=1,DATEDIF(C34,B34,"y")&IF(DATEDIF(C34,B34,"y")=1," year "," years ")&DATEDIF(C34,B34,"ym")&IF(DATEDIF(C34,B34,"ym")=1," month"," months"),IF(DATEDIF(C34,B34,"m")>=1,DATEDIF(C34,B34,"m")&IF(DATEDIF(C34,B34,"m")=1," month"," months"),DATEDIF(C34,B34,"d")&IF(DATEDIF(C34,B34,"d")=1," day"," days")))) | M34: =IFERROR(VLOOKUP(G34,Reference!$I$2:$J$175,2,FALSE()),"Operations") -> Operations
D35: =IF(OR(B35="",C35=""),"",IF(DATEDIF(C35,B35,"y")>=1,DATEDIF(C35,B35,"y")&IF(DATEDIF(C35,B35,"y")=1," year "," years ")&DATEDIF(C35,B35,"ym")&IF(DATEDIF(C35,B35,"ym")=1," month"," months"),IF(DATEDIF(C35,B35,"m")>=1,DATEDIF(C35,B35,"m")&IF(DATEDIF(C35,B35,"m")=1," month"," months"),DATEDIF(C35,B35,"d")&IF(DATEDIF(C35,B35,"d")=1," day"," days")))) | M35: =IFERROR(VLOOKUP(G35,Reference!$I$2:$J$175,2,FALSE()),"Operations") -> Operations
D36: =IF(OR(B36="",C36=""),"",IF(DATEDIF(C36,B36,"y")>=1,DATEDIF(C36,B36,"y")&IF(DATEDIF(C36,B36,"y")=1," year "," years ")&DATEDIF(C36,B36,"ym")&IF(DATEDIF(C36,B36,"ym")=1," month"," months"),IF(DATEDIF(C36,B36,"m")>=1,DATEDIF(C36,B36,"m")&IF(DATEDIF(C36,B36,"m")=1," month"," months"),DATEDIF(C36,B36,"d")&IF(DATEDIF(C36,B36,"d")=1," day"," days")))) | M36: =IFERROR(VLOOKUP(G36,Reference!$I$2:$J$175,2,FALSE()),"Operations") -> Operations
D37: =IF(OR(B37="",C37=""),"",IF(DATEDIF(C37,B37,"y")>=1,DATEDIF(C37,B37,"y")&IF(DATEDIF(C37,B37,"y")=1," year "," years ")&DATEDIF(C37,B37,"ym")&IF(DATEDIF(C37,B37,"ym")=1," month"," months"),IF(DATEDIF(C37,B37,"m")>=1,DATEDIF(C37,B37,"m")&IF(DATEDIF(C37,B37,"m")=1," month"," months"),DATEDIF(C37,B37,"d")&IF(DATEDIF(C37,B37,"d")=1," day"," days")))) | M37: =IFERROR(VLOOKUP(G37,Reference!$I$2:$J$175,2,FALSE()),"Operations") -> Operations
D38: =IF(OR(B38="",C38=""),"",IF(DATEDIF(C38,B38,"y")>=1,DATEDIF(C38,B38,"y")&IF(DATEDIF(C38,B38,"y")=1," year "," years ")&DATEDIF(C38,B38,"ym")&IF(DATEDIF(C38,B38,"ym")=1," month"," months"),IF(DATEDIF(C38,B38,"m")>=1,DATEDIF(C38,B38,"m")&IF(DATEDIF(C38,B38,"m")=1," month"," months"),DATEDIF(C38,B38,"d")&IF(DATEDIF(C38,B38,"d")=1," day"," days")))) | M38: =IFERROR(VLOOKUP(G38,Reference!$I$2:$J$175,2,FALSE()),"Operations") -> Operations
A39: SUBTOTAL: | B39: =COUNTA(A9:A38) -> 24
A41: FEBRUARY 2024
A42: Name | B42: Date of Separation | C42: DOH | D42: Length of Service | E42: Eligible for Rehire | F42: Status | G42: Location | H42: Reason for Leaving | I42: Supervisor | J42: Exit Interview Date | K42: Job | L42: Comments | M42: Department
A43: Anthony Lado | B43: 45327 | D43: 1 year | E43: Yes | F43: U | G43: Human Resources | H43: Better Opportunity | I43: Jennifer Enderson | K43: Director | M43: =IFERROR(VLOOKUP(G43,Reference!$I$2:$J$175,2,FALSE()),"Operations") -> Human Resources
A44: Angel Schlau | B44: 45324 | D44: 2 years and 8 months | E44: Yes | F44: U | G44: 911 Bristol Park | H44: Personal Reasons | I44: Kayla Birdsell | K44: DSP | M44: =IFERROR(VLOOKUP(G44,Reference!$I$2:$J$175,2,FALSE()),"Operations") -> Operations
A45: Patrick McDonald | B45: 45328 | D45: 10 years and 6 months | E45: Yes | F45: U | G45: Employment Services | H45: Personal Reasons | I45: Miranda McLain | K45: Job Coach/WI | M45: =IFERROR(VLOOKUP(G45,Reference!$I$2:$J$175,2,FALSE()),"Operations") -> Employment Services
A46: Felisha Byrd | B46: 45330 | D46: 2 years and 2 months | E46: No | F46: U | G46: Livingston | H46: Other | I46: Sherri McMahan | K46: DSP | M46: =IFERROR(VLOOKUP(G46,Reference!$I$2:$J$175,2,FALSE()),"Operations") -> Operations
A47: Lita Byrd | B47: 45330 | D47: 2 years and 5 months | E47: No | F47: U | G47: Livingston | H47: Other | I47: Sherri McMahan | K47: DSP | M47: =IFERROR(VLOOKUP(G47,Reference!$I$2:$J$175,2,FALSE()),"Operations") -> Operations
A48: Leah Shurden | B48: 45331 | D48: 8 months | E48: No | F48: U | G48: 200 Latimer | H48: Other | I48: Sherri McMahan | K48: HM | M48: =IFERROR(VLOOKUP(G48,Reference!$I$2:$J$175,2,FALSE()),"Operations") -> Operations
A49: Rosemary Schenck | B49: 45341 | D49: 6 years and 9 months | E49: NA | F49: NA | G49: 911 Bristol Park | H49: Other | I49: Kayla Birdsell | K49: DSP | M49: =IFERROR(VLOOKUP(G49,Reference!$I$2:$J$175,2,FALSE()),"Operations") -> Operations
A50: Lydia Bowling | B50: 45344 | D50: 2 years | E50: Yes | F50: U | G50: Lower Valley/Estabrook | H50: Other | I50: Kasey Foster | K50: HM | M50: =IFERROR(VLOOKUP(G50,Reference!$I$2:$J$175,2,FALSE()),"Operations") -> Operations
A51: Pamela Moore | B51: 45348 | D51: 4 years and 8 months | E51: No | F51: D | G51: Northwestern | H51: Resignation | I51: Kas | K51: DSP | M51: =IFERROR(VLOOKUP(G51,Reference!$I$2:$J$175,2,FALSE()),"Operations") -> Operations
A52: Donna Vonderalage | B52: 45350 | D52: 14 years and 3 months | E52: Yes | F52: U | G52: ELC | H52: Retirement | I52: Brittany Webb | K52: Sub/Floater | M52: =IFERROR(VLOOKUP(G52,Reference!$I$2:$J$175,2,FALSE()),"Operations") -> Children Services
A53: Summer Newport | B53: 45351 | D53: 3 weeks | E53: No | F53: U | G53: Livingston | H53: Job Abandonment | I53: Sherri McMahan | K53: DSP | M53: =IFERROR(VLOOKUP(G53,Reference!$I$2:$J$175,2,FALSE()),"Operations") -> Operations
D54: =IF(OR(B54="",C54=""),"",IF(DATEDIF(C54,B54,"y")>=1,DATEDIF(C54,B54,"y")&IF(DATEDIF(C54,B54,"y")=1," year "," years ")&DATEDIF(C54,B54,"ym")&IF(DATEDIF(C54,B54,"ym")=1," month"," months"),IF(DATEDIF(C54,B54,"m")>=1,DATEDIF(C54,B54,"m")&IF(DATEDIF(C54,B54,"m")=1," month"," months"),DATEDIF(C54,B54,"d")&IF(DATEDIF(C54,B54,"d")=1," day"," days")))) | M54: =IFERROR(VLOOKUP(G54,Reference!$I$2:$J$175,2,FALSE()),"Operations") -> Operations
D55: =IF(OR(B55="",C55=""),"",IF(DATEDIF(C55,B55,"y")>=1,DATEDIF(C55,B55,"y")&IF(DATEDIF(C55,B55,"y")=1," year "," years ")&DATEDIF(C55,B55,"ym")&IF(DATEDIF(C55,B55,"ym")=1," month"," months"),IF(DATEDIF(C55,B55,"m")>=1,DATEDIF(C55,B55,"m")&IF(DATEDIF(C55,B55,"m")=1," month"," months"),DATEDIF(C55,B55,"d")&IF(DATEDIF(C55,B55,"d")=1," day"," days")))) | M55: =IFERROR(VLOOKUP(G55,Reference!$I$2:$J$175,2,FALSE()),"Operations") -> Operations
D56: =IF(OR(B56="",C56=""),"",IF(DATEDIF(C56,B56,"y")>=1,DATEDIF(C56,B56,"y")&IF(DATEDIF(C56,B56,"y")=1," year "," years ")&DATEDIF(C56,B56,"ym")&IF(DATEDIF(C56,B56,"ym")=1," month"," months"),IF(DATEDIF(C56,B56,"m")>=1,DATEDIF(C56,B56,"m")&IF(DATEDIF(C56,B56,"m")=1," month"," months"),DATEDIF(C56,B56,"d")&IF(DATEDIF(C56,B56,"d")=1," day"," days")))) | M56: =IFERROR(VLOOKUP(G56,Reference!$I$2:$J$175,2,FALSE()),"Operations") -> Operations
D57: =IF(OR(B57="",C57=""),"",IF(DATEDIF(C57,B57,"y")>=1,DATEDIF(C57,B57,"y")&IF(DATEDIF(C57,B57,"y")=1," year "," years ")&DATEDIF(C57,B57,"ym")&IF(DATEDIF(C57,B57,"ym")=1," month"," months"),IF(DATEDIF(C57,B57,"m")>=1,DATEDIF(C57,B57,"m")&IF(DATEDIF(C57,B57,"m")=1," month"," months"),DATEDIF(C57,B57,"d")&IF(DATEDIF(C57,B57,"d")=1," day"," days")))) | M57: =IFERROR(VLOOKUP(G57,Reference!$I$2:$J$175,2,FALSE()),"Operations") -> Operations
D58: =IF(OR(B58="",C58=""),"",IF(DATEDIF(C58,B58,"y")>=1,DATEDIF(C58,B58,"y")&IF(DATEDIF(C58,B58,"y")=1," year "," years ")&DATEDIF(C58,B58,"ym")&IF(DATEDIF(C58,B58,"ym")=1," month"," months"),IF(DATEDIF(C58,B58,"m")>=1,DATEDIF(C58,B58,"m")&IF(DATEDIF(C58,B58,"m")=1," month"," months"),DATEDIF(C58,B58,"d")&IF(DATEDIF(C58,B58,"d")=1," day"," days")))) | M58: =IFERROR(VLOOKUP(G58,Reference!$I$2:$J$175,2,FALSE()),"Operations") -> Operations
D59: =IF(OR(B59="",C59=""),"",IF(DATEDIF(C59,B59,"y")>=1,DATEDIF(C59,B59,"y")&IF(DATEDIF(C59,B59,"y")=1," year "," years ")&DATEDIF(C59,B59,"ym")&IF(DATEDIF(C59,B59,"ym")=1," month"," months"),IF(DATEDIF(C59,B59,"m")>=1,DATEDIF(C59,B59,"m")&IF(DATEDIF(C59,B59,"m")=1," month"," months"),DATEDIF(C59,B59,"d")&IF(DATEDIF(C59,B59,"d")=1," day"," days")))) | M59: =IFERROR(VLOOKUP(G59,Reference!$I$2:$J$175,2,FALSE()),"Operations") -> Operations
D60: =IF(OR(B60="",C60=""),"",IF(DATEDIF(C60,B60,"y")>=1,DATEDIF(C60,B60,"y")&IF(DATEDIF(C60,B60,"y")=1," year "," years ")&DATEDIF(C60,B60,"ym")&IF(DATEDIF(C60,B60,"ym")=1," month"," months"),IF(DATEDIF(C60,B60,"m")>=1,DATEDIF(C60,B60,"m")&IF(DATEDIF(C60,B60,"m")=1," month"," months"),DATEDIF(C60,B60,"d")&IF(DATEDIF(C60,B60,"d")=1," day"," days")))) | M60: =IFERROR(VLOOKUP(G60,Reference!$I$2:$J$175,2,FALSE()),"Operations") -> Operations
D61: =IF(OR(B61="",C61=""),"",IF(DATEDIF(C61,B61,"y")>=1,DATEDIF(C61,B61,"y")&IF(DATEDIF(C61,B61,"y")=1," year "," years ")&DATEDIF(C61,B61,"ym")&IF(DATEDIF(C61,B61,"ym")=1," month"," months"),IF(DATEDIF(C61,B61,"m")>=1,DATEDIF(C61,B61,"m")&IF(DATEDIF(C61,B61,"m")=1," month"," months"),DATEDIF(C61,B61,"d")&IF(DATEDIF(C61,B61,"d")=1," day"," days")))) | M61: =IFERROR(VLOOKUP(G61,Reference!$I$2:$J$175,2,FALSE()),"Operations") -> Operations
D62: =IF(OR(B62="",C62=""),"",IF(DATEDIF(C62,B62,"y")>=1,DATEDIF(C62,B62,"y")&IF(DATEDIF(C62,B62,"y")=1," year "," years ")&DATEDIF(C62,B62,"ym")&IF(DATEDIF(C62,B62,"ym")=1," month"," months"),IF(DATEDIF(C62,B62,"m")>=1,DATEDIF(C62,B62,"m")&IF(DATEDIF(C62,B62,"m")=1," month"," months"),DATEDIF(C62,B62,"d")&IF(DATEDIF(C62,B62,"d")=1," day"," days")))) | M62: =IFERROR(VLOOKUP(G62,Reference!$I$2:$J$175,2,FALSE()),"Operations") -> Operations
D63: =IF(OR(B63="",C63=""),"",IF(DATEDIF(C63,B63,"y")>=1,DATEDIF(C63,B63,"y")&IF(DATEDIF(C63,B63,"y")=1," year "," years ")&DATEDIF(C63,B63,"ym")&IF(DATEDIF(C63,B63,"ym")=1," month"," months"),IF(DATEDIF(C63,B63,"m")>=1,DATEDIF(C63,B63,"m")&IF(DATEDIF(C63,B63,"m")=1," month"," months"),DATEDIF(C63,B63,"d")&IF(DATEDIF(C63,B63,"d")=1," day"," days")))) | M63: =IFERROR(VLOOKUP(G63,Reference!$I$2:$J$175,2,FALSE()),"Operations") -> Operations
D64: =IF(OR(B64="",C64=""),"",IF(DATEDIF(C64,B64,"y")>=1,DATEDIF(C64,B64,"y")&IF(DATEDIF(C64,B64,"y")=1," year "," years ")&DATEDIF(C64,B64,"ym")&IF(DATEDIF(C64,B64,"ym")=1," month"," months"),IF(DATEDIF(C64,B64,"m")>=1,DATEDIF(C64,B64,"m")&IF(DATEDIF(C64,B64,"m")=1," month"," months"),DATEDIF(C64,B64,"d")&IF(DATEDIF(C64,B64,"d")=1," day"," days")))) | M64: =IFERROR(VLOOKUP(G64,Reference!$I$2:$J$175,2,FALSE()),"Operations") -> Operations
D65: =IF(OR(B65="",C65=""),"",IF(DATEDIF(C65,B65,"y")>=1,DATEDIF(C65,B65,"y")&IF(DATEDIF(C65,B65,"y")=1," year "," years ")&DATEDIF(C65,B65,"ym")&IF(DATEDIF(C65,B65,"ym")=1," month"," months"),IF(DATEDIF(C65,B65,"m")>=1,DATEDIF(C65,B65,"m")&IF(DATEDIF(C65,B65,"m")=1," month"," months"),DATEDIF(C65,B65,"d")&IF(DATEDIF(C65,B65,"d")=1," day"," days")))) | M65: =IFERROR(VLOOKUP(G65,Reference!$I$2:$J$175,2,FALSE()),"Operations") -> Operations
... D72: =IF(OR(B72="",C72=""),"",IF(DATEDIF(C72,B72,"y")>=1,DATEDIF(C72,B72,"y")&IF(DATEDIF(C72,B72,"y")=1," year "," years ")&DATEDIF(C72,B72,"ym")&IF(DATEDIF(C72,B72,"ym")=1," month"," months"),IF(DATEDIF(C72,B72,"m")>=1,DATEDIF(C72,B72,"m")&IF(DATEDIF(C72,B72,"m")=1," month"," months"),DATEDIF(C72,B72,"d")&IF(DATEDIF(C72,B72,"d")=1," day"," days")))) | M72: =IFERROR(VLOOKUP(G72,Reference!$I$2:$J$175,2,FALSE()),"Operations") -> Operations
A73: SUBTOTAL: | B73: =COUNTA(A43:A72) -> 11
A75: MARCH 2024
A76: Name | B76: Date of Separation | C76: DOH | D76: Length of Service | E76: Eligible for Rehire | F76: Status | G76: Location | H76: Reason for Leaving | I76: Supervisor | J76: Exit Interview Date | K76: Job | L76: Comments | M76: Department
A77: Katie Wood | B77: 45355 | D77: 3 years and 9 months | E77: Yes | F77: U | G77: Another Job | H77: Better Opportunity | I77: Chase Davenport | K77: Other | M77: =IFERROR(VLOOKUP(G77,Reference!$I$2:$J$175,2,FALSE()),"Operations") -> Operations
A78: Brittany Smith | B78: 45355 | D78: 6 months | E78: No | F78: U | G78: Another Job | H78: Better Opportunity | I78: Layla Fisher | K78: RM | M78: =IFERROR(VLOOKUP(G78,Reference!$I$2:$J$175,2,FALSE()),"Operations") -> Operations
A79: Kaitlyn Chandler | B79: 45355 | D79: 3 weeks | E79: No | F79: U | G79: Job Abandonment | H79: Job Abandonment | I79: Sherri McMahan | K79: DSP | M79: =IFERROR(VLOOKUP(G79,Reference!$I$2:$J$175,2,FALSE()),"Operations") -> Operations
A80: Megan Miller | B80: 45354 | D80: 8 months | E80: No | F80: U | G80: Staff late to shift | H80: Attendance Issues | I80: Sherri McMahan | K80: DSP | M80: =IFERROR(VLOOKUP(G80,Reference!$I$2:$J$175,2,FALSE()),"Operations") -> Operations
A81: Erica Webb | B81: 45358 | D81: 3 months | E81: No | F81: U | G81: Superimposed Schedule conflict | H81: Personal Reasons | I81: Rebecca Smith | K81: DSP | M81: =IFERROR(VLOOKUP(G81,Reference!$I$2:$J$175,2,FALSE()),"Operations") -> Operations
A82: Halie Campbell | B82: 45359 | D82: 2 months | E82: No | F82: D | G82: Violation of Company Policy | H82: Termination | I82: Kayla Birdsell | K82: DSP | M82: =IFERROR(VLOOKUP(G82,Reference!$I$2:$J$175,2,FALSE()),"Operations") -> Operations
A83: Zackary Cordero | B83: 45359 | D83: 2.5 months | E83: No | F83: U | G83: None given | H83: Other | I83: Kayla Birdsell | K83: DSP | M83: =IFERROR(VLOOKUP(G83,Reference!$I$2:$J$175,2,FALSE()),"Operations") -> Operations
A84: Mandy Denton | B84: 45363 | D84: 6 months | E84: No | F84: U | G84: Not enough hours | H84: Better Opportunity | I84: Miranda McLain | K84: Job Coach/WI | M84: =IFERROR(VLOOKUP(G84,Reference!$I$2:$J$175,2,FALSE()),"Operations") -> Operations
A85: Alexis Morris | B85: 45366 | D85: 1 week | E85: No | F85: U | G85: Stopped training/No Call No Show | H85: Job Abandonment | I85: Layla Fisher | K85: DSP | M85: =IFERROR(VLOOKUP(G85,Reference!$I$2:$J$175,2,FALSE()),"Operations") -> Operations
A86: Christina Samples | B86: 45372 | D86: 1 year and 6 months | E86: No | F86: D | G86: Violation of Company Policy | H86: Termination | I86: Brittany Smith | K86: Teacher | M86: =IFERROR(VLOOKUP(G86,Reference!$I$2:$J$175,2,FALSE()),"Operations") -> Operations
A87: Bridget Dalton | B87: 45373 | D87: 6 months | E87: Yes | F87: U | G87: Going back to school | H87: Personal Reasons | I87: Tiffany Rose | K87: Other | M87: =IFERROR(VLOOKUP(G87,Reference!$I$2:$J$175,2,FALSE()),"Operations") -> Operations
A88: Kathy Hamby | B88: 45376 | D88: 1 year and 3 months | E88: No | F88: U | G88: Another Job | H88: Better Opportunity | I88: Kasey Foster | K88: DSP | M88: =IFERROR(VLOOKUP(G88,Reference!$I$2:$J$175,2,FALSE()),"Operations") -> Operations
... A90: Susan Seber | B90: 45382 | D90: 2 years | E90: No | F90: U | G90: Job Abandonment | H90: Job Abandonment | I90: Kasey Foster | K90: DSP | M90: =IFERROR(VLOOKUP(G90,Reference!$I$2:$J$175,2,FALSE()),"Operations") -> Operations
D91: =IF(OR(B91="",C91=""),"",IF(DATEDIF(C91,B91,"y")>=1,DATEDIF(C91,B91,"y")&IF(DATEDIF(C91,B91,"y")=1," year "," years ")&DATEDIF(C91,B91,"ym")&IF(DATEDIF(C91,B91,"ym")=1," month"," months"),IF(DATEDIF(C91,B91,"m")>=1,DATEDIF(C91,B91,"m")&IF(DATEDIF(C91,B91,"m")=1," month"," months"),DATEDIF(C91,B91,"d")&IF(DATEDIF(C91,B91,"d")=1," day"," days")))) | M91: =IFERROR(VLOOKUP(G91,Reference!$I$2:$J$175,2,FALSE()),"Operations") -> Operations
D92: =IF(OR(B92="",C92=""),"",IF(DATEDIF(C92,B92,"y")>=1,DATEDIF(C92,B92,"y")&IF(DATEDIF(C92,B92,"y")=1," year "," years ")&DATEDIF(C92,B92,"ym")&IF(DATEDIF(C92,B92,"ym")=1," month"," months"),IF(DATEDIF(C92,B92,"m")>=1,DATEDIF(C92,B92,"m")&IF(DATEDIF(C92,B92,"m")=1," month"," months"),DATEDIF(C92,B92,"d")&IF(DATEDIF(C92,B92,"d")=1," day"," days")))) | M92: =IFERROR(VLOOKUP(G92,Reference!$I$2:$J$175,2,FALSE()),"Operations") -> Operations
D93: =IF(OR(B93="",C93=""),"",IF(DATEDIF(C93,B93,"y")>=1,DATEDIF(C93,B93,"y")&IF(DATEDIF(C93,B93,"y")=1," year "," years ")&DATEDIF(C93,B93,"ym")&IF(DATEDIF(C93,B93,"ym")=1," month"," months"),IF(DATEDIF(C93,B93,"m")>=1,DATEDIF(C93,B93,"m")&IF(DATEDIF(C93,B93,"m")=1," month"," months"),DATEDIF(C93,B93,"d")&IF(DATEDIF(C93,B93,"d")=1," day"," days")))) | M93: =IFERROR(VLOOKUP(G93,Reference!$I$2:$J$175,2,FALSE()),"Operations") -> Operations
D94: =IF(OR(B94="",C94=""),"",IF(DATEDIF(C94,B94,"y")>=1,DATEDIF(C94,B94,"y")&IF(DATEDIF(C94,B94,"y")=1," year "," years ")&DATEDIF(C94,B94,"ym")&IF(DATEDIF(C94,B94,"ym")=1," month"," months"),IF(DATEDIF(C94,B94,"m")>=1,DATEDIF(C94,B94,"m")&IF(DATEDIF(C94,B94,"m")=1," month"," months"),DATEDIF(C94,B94,"d")&IF(DATEDIF(C94,B94,"d")=1," day"," days")))) | M94: =IFERROR(VLOOKUP(G94,Reference!$I$2:$J$175,2,FALSE()),"Operations") -> Operations
D95: =IF(OR(B95="",C95=""),"",IF(DATEDIF(C95,B95,"y")>=1,DATEDIF(C95,B95,"y")&IF(DATEDIF(C95,B95,"y")=1," year "," years ")&DATEDIF(C95,B95,"ym")&IF(DATEDIF(C95,B95,"ym")=1," month"," months"),IF(DATEDIF(C95,B95,"m")>=1,DATEDIF(C95,B95,"m")&IF(DATEDIF(C95,B95,"m")=1," month"," months"),DATEDIF(C95,B95,"d")&IF(DATEDIF(C95,B95,"d")=1," day"," days")))) | M95: =IFERROR(VLOOKUP(G95,Reference!$I$2:$J$175,2,FALSE()),"Operations") -> Operations
D96: =IF(OR(B96="",C96=""),"",IF(DATEDIF(C96,B96,"y")>=1,DATEDIF(C96,B96,"y")&IF(DATEDIF(C96,B96,"y")=1," year "," years ")&DATEDIF(C96,B96,"ym")&IF(DATEDIF(C96,B96,"ym")=1," month"," months"),IF(DATEDIF(C96,B96,"m")>=1,DATEDIF(C96,B96,"m")&IF(DATEDIF(C96,B96,"m")=1," month"," months"),DATEDIF(C96,B96,"d")&IF(DATEDIF(C96,B96,"d")=1," day"," days")))) | M96: =IFERROR(VLOOKUP(G96,Reference!$I$2:$J$175,2,FALSE()),"Operations") -> Operations
D97: =IF(OR(B97="",C97=""),"",IF(DATEDIF(C97,B97,"y")>=1,DATEDIF(C97,B97,"y")&IF(DATEDIF(C97,B97,"y")=1," year "," years ")&DATEDIF(C97,B97,"ym")&IF(DATEDIF(C97,B97,"ym")=1," month"," months"),IF(DATEDIF(C97,B97,"m")>=1,DATEDIF(C97,B97,"m")&IF(DATEDIF(C97,B97,"m")=1," month"," months"),DATEDIF(C97,B97,"d")&IF(DATEDIF(C97,B97,"d")=1," day"," days")))) | M97: =IFERROR(VLOOKUP(G97,Reference!$I$2:$J$175,2,FALSE()),"Operations") -> Operations
D98: =IF(OR(B98="",C98=""),"",IF(DATEDIF(C98,B98,"y")>=1,DATEDIF(C98,B98,"y")&IF(DATEDIF(C98,B98,"y")=1," year "," years ")&DATEDIF(C98,B98,"ym")&IF(DATEDIF(C98,B98,"ym")=1," month"," months"),IF(DATEDIF(C98,B98,"m")>=1,DATEDIF(C98,B98,"m")&IF(DATEDIF(C98,B98,"m")=1," month"," months"),DATEDIF(C98,B98,"d")&IF(DATEDIF(C98,B98,"d")=1," day"," days")))) | M98: =IFERROR(VLOOKUP(G98,Reference!$I$2:$J$175,2,FALSE()),"Operations") -> Operations
D99: =IF(OR(B99="",C99=""),"",IF(DATEDIF(C99,B99,"y")>=1,DATEDIF(C99,B99,"y")&IF(DATEDIF(C99,B99,"y")=1," year "," years ")&DATEDIF(C99,B99,"ym")&IF(DATEDIF(C99,B99,"ym")=1," month"," months"),IF(DATEDIF(C99,B99,"m")>=1,DATEDIF(C99,B99,"m")&IF(DATEDIF(C99,B99,"m")=1," month"," months"),DATEDIF(C99,B99,"d")&IF(DATEDIF(C99,B99,"d")=1," day"," days")))) | M99: =IFERROR(VLOOKUP(G99,Reference!$I$2:$J$175,2,FALSE()),"Operations") -> Operations
D100: =IF(OR(B100="",C100=""),"",IF(DATEDIF(C100,B100,"y")>=1,DATEDIF(C100,B100,"y")&IF(DATEDIF(C100,B100,"y")=1," year "," years ")&DATEDIF(C100,B100,"ym")&IF(DATEDIF(C100,B100,"ym")=1," month"," months"),IF(DATEDIF(C100,B100,"m")>=1,DATEDIF(C100,B100,"m")&IF(DATEDIF(C100,B100,"m")=1," month"," months"),DATEDIF(C100,B100,"d")&IF(DATEDIF(C100,B100,"d")=1," day"," days")))) | M100: =IFERROR(VLOOKUP(G100,Reference!$I$2:$J$175,2,FALSE()),"Operations") -> Operations
D101: =IF(OR(B101="",C101=""),"",IF(DATEDIF(C101,B101,"y")>=1,DATEDIF(C101,B101,"y")&IF(DATEDIF(C101,B101,"y")=1," year "," years ")&DATEDIF(C101,B101,"ym")&IF(DATEDIF(C101,B101,"ym")=1," month"," months"),IF(DATEDIF(C101,B101,"m")>=1,DATEDIF(C101,B101,"m")&IF(DATEDIF(C101,B101,"m")=1," month"," months"),DATEDIF(C101,B101,"d")&IF(DATEDIF(C101,B101,"d")=1," day"," days")))) | M101: =IFERROR(VLOOKUP(G101,Reference!$I$2:$J$175,2,FALSE()),"Operations") -> Operations
D102: =IF(OR(B102="",C102=""),"",IF(DATEDIF(C102,B102,"y")>=1,DATEDIF(C102,B102,"y")&IF(DATEDIF(C102,B102,"y")=1," year "," years ")&DATEDIF(C102,B102,"ym")&IF(DATEDIF(C102,B102,"ym")=1," month"," months"),IF(DATEDIF(C102,B102,"m")>=1,DATEDIF(C102,B102,"m")&IF(DATEDIF(C102,B102,"m")=1," month"," months"),DATEDIF(C102,B102,"d")&IF(DATEDIF(C102,B102,"d")=1," day"," days")))) | M102: =IFERROR(VLOOKUP(G102,Reference!$I$2:$J$175,2,FALSE()),"Operations") -> Operations
... D106: =IF(OR(B106="",C106=""),"",IF(DATEDIF(C106,B106,"y")>=1,DATEDIF(C106,B106,"y")&IF(DATEDIF(C106,B106,"y")=1," year "," years ")&DATEDIF(C106,B106,"ym")&IF(DATEDIF(C106,B106,"ym")=1," month"," months"),IF(DATEDIF(C106,B106,"m")>=1,DATEDIF(C106,B106,"m")&IF(DATEDIF(C106,B106,"m")=1," month"," months"),DATEDIF(C106,B106,"d")&IF(DATEDIF(C106,B106,"d")=1," day"," days")))) | M106: =IFERROR(VLOOKUP(G106,Reference!$I$2:$J$175,2,FALSE()),"Operations") -> Operations
A107: SUBTOTAL: | B107: =COUNTA(A77:A106) -> 14
A109: APRIL 2024
A110: Name | B110: Date of Separation | C110: DOH | D110: Length of Service | E110: Eligible for Rehire | F110: Status | G110: Location | H110: Reason for Leaving | I110: Supervisor | J110: Exit Interview Date | K110: Job | L110: Comments | M110: Department
A111: Renee Deason | B111: 45397 | D111: 10 months | E111: Yes | F111: U | G111: EI | H111: Relocation | I111: Anna Moore | K111: EI | M111: =IFERROR(VLOOKUP(G111,Reference!$I$2:$J$175,2,FALSE()),"Operations") -> Children Services
A112: Kaleb Selvidge | B112: 45392 | D112: 5 years and 4 months | E112: Yes | F112: U | G112: Residential | H112: Better Opportunity | I112: Layla Fisher | K112: DSP | M112: =IFERROR(VLOOKUP(G112,Reference!$I$2:$J$175,2,FALSE()),"Operations") -> Operations
A113: Jen Johnson | B113: 45394 | D113: 5 months | E113: No | F113: U | G113: EI | H113: Better Opportunity | I113: Anna Moore | K113: EI | M113: =IFERROR(VLOOKUP(G113,Reference!$I$2:$J$175,2,FALSE()),"Operations") -> Children Services
A114: Donna Pruitt-Brawner | B114: 45387 | D114: 2 months | E114: No | F114: U | G114: 702 BP | H114: Job Abandonment | I114: Sherri McMahan | K114: DSP | M114: =IFERROR(VLOOKUP(G114,Reference!$I$2:$J$175,2,FALSE()),"Operations") -> Operations
A115: Anna Holland | B115: 45391 | D115: 2 weeks | E115: No | F115: U | G115: N. Purdue | H115: Job Abandonment | I115: Kayla Birdsell | K115: DSP | M115: =IFERROR(VLOOKUP(G115,Reference!$I$2:$J$175,2,FALSE()),"Operations") -> Operations
A116: Christina Foster | B116: 45391 | D116: 2 weeks | E116: No | F116: U | G116: 911 Bristol Park | H116: Job Abandonment | I116: Kayla Birdsell | K116: DSP | M116: =IFERROR(VLOOKUP(G116,Reference!$I$2:$J$175,2,FALSE()),"Operations") -> Operations
A117: Sierra Rowe | B117: 45391 | D117: 2 weeks | E117: N | F117: U | G117: 911 Bristol Park | H117: Job Abandonment | I117: Kayla Birdsell | K117: DSP | M117: =IFERROR(VLOOKUP(G117,Reference!$I$2:$J$175,2,FALSE()),"Operations") -> Operations
A118: Amber Funk | B118: 45393 | D118: 1 week | E118: No | F118: U | G118: Ulena | H118: Personal Reasons | I118: Sherri McMahan | K118: DSP | M118: =IFERROR(VLOOKUP(G118,Reference!$I$2:$J$175,2,FALSE()),"Operations") -> Operations
A119: Donna Heath | B119: 45399 | D119: 2 weeks | E119: No | F119: U | G119: 427 Outer | H119: Job Abandonment | I119: Kasey Foster | K119: DSP | M119: =IFERROR(VLOOKUP(G119,Reference!$I$2:$J$175,2,FALSE()),"Operations") -> Operations
A120: Fatima Aian | B120: 45405 | D120: 1 month | E120: Yes | F120: U | G120: Tuskegee | H120: Personal Reasons | I120: Rebecca Smith | K120: DSP | M120: =IFERROR(VLOOKUP(G120,Reference!$I$2:$J$175,2,FALSE()),"Operations") -> Operations
A121: Shayla Wright | B121: 45408 | D121: 3 weeks | E121: No | F121: U | G121: Northestern | H121: Job Abandonment | I121: Kasey Foster | K121: DSP | M121: =IFERROR(VLOOKUP(G121,Reference!$I$2:$J$175,2,FALSE()),"Operations") -> Operations
A122: Cheyenne Stevens | B122: 45412 | D122: 1 month | E122: No | F122: U | G122: 207 Wadsworth | H122: Relocation | I122: Rebecca Smith | K122: DSP | M122: =IFERROR(VLOOKUP(G122,Reference!$I$2:$J$175,2,FALSE()),"Operations") -> Operations
A123: April Coffman | B123: 45411 | D123: 1 week | E123: No | F123: U | G123: Trunpike A | H123: Personal Reasons | I123: Sherri McMahan | K123: DSP | M123: =IFERROR(VLOOKUP(G123,Reference!$I$2:$J$175,2,FALSE()),"Operations") -> Operations
D124: =IF(OR(B124="",C124=""),"",IF(DATEDIF(C124,B124,"y")>=1,DATEDIF(C124,B124,"y")&IF(DATEDIF(C124,B124,"y")=1," year "," years ")&DATEDIF(C124,B124,"ym")&IF(DATEDIF(C124,B124,"ym")=1," month"," months"),IF(DATEDIF(C124,B124,"m")>=1,DATEDIF(C124,B124,"m")&IF(DATEDIF(C124,B124,"m")=1," month"," months"),DATEDIF(C124,B124,"d")&IF(DATEDIF(C124,B124,"d")=1," day"," days")))) | M124: =IFERROR(VLOOKUP(G124,Reference!$I$2:$J$175,2,FALSE()),"Operations") -> Operations
D125: =IF(OR(B125="",C125=""),"",IF(DATEDIF(C125,B125,"y")>=1,DATEDIF(C125,B125,"y")&IF(DATEDIF(C125,B125,"y")=1," year "," years ")&DATEDIF(C125,B125,"ym")&IF(DATEDIF(C125,B125,"ym")=1," month"," months"),IF(DATEDIF(C125,B125,"m")>=1,DATEDIF(C125,B125,"m")&IF(DATEDIF(C125,B125,"m")=1," month"," months"),DATEDIF(C125,B125,"d")&IF(DATEDIF(C125,B125,"d")=1," day"," days")))) | M125: =IFERROR(VLOOKUP(G125,Reference!$I$2:$J$175,2,FALSE()),"Operations") -> Operations
...

Sheet FY 2023 (Jan23-Dec23)
A2: EMPLOYEE SEPARATION SUMMARY — FY 2023
A3: January 2023 — December 2023 | Emory Valley Center
A5: Active Employees: | B5: 339 | D5: YTD Separations: | E5: =B39+B73+B107+B141+B175+B209+B243+B277+B311+B345+B379+B413 -> 62 | G5: TOR %: | H5: =IF(B5=0,0,E5/B5) -> 0.18289086
A7: JANUARY 2023
A8: Name | B8: Date of Separation | C8: DOH | D8: Length of Service | E8: Eligible for Rehire | F8: Status | G8: Location | H8: Reason for Leaving | I8: Supervisor | J8: Exit Interview Date | K8: Job | L8: Comments | M8: Department
D9: =IF(OR(B9="",C9=""),"",IF(DATEDIF(C9,B9,"y")>=1,DATEDIF(C9,B9,"y")&IF(DATEDIF(C9,B9,"y")=1," year "," years ")&DATEDIF(C9,B9,"ym")&IF(DATEDIF(C9,B9,"ym")=1," month"," months"),IF(DATEDIF(C9,B9,"m")>=1,DATEDIF(C9,B9,"m")&IF(DATEDIF(C9,B9,"m")=1," month"," months"),DATEDIF(C9,B9,"d")&IF(DATEDIF(C9,B9,"d")=1," day"," days")))) | M9: =IFERROR(VLOOKUP(G9,Reference!$I$2:$J$175,2,FALSE()),"Operations") -> Operations
D10: =IF(OR(B10="",C10=""),"",IF(DATEDIF(C10,B10,"y")>=1,DATEDIF(C10,B10,"y")&IF(DATEDIF(C10,B10,"y")=1," year "," years ")&DATEDIF(C10,B10,"ym")&IF(DATEDIF(C10,B10,"ym")=1," month"," months"),IF(DATEDIF(C10,B10,"m")>=1,DATEDIF(C10,B10,"m")&IF(DATEDIF(C10,B10,"m")=1," month"," months"),DATEDIF(C10,B10,"d")&IF(DATEDIF(C10,B10,"d")=1," day"," days")))) | M10: =IFERROR(VLOOKUP(G10,Reference!$I$2:$J$175,2,FALSE()),"Operations") -> Operations
D11: =IF(OR(B11="",C11=""),"",IF(DATEDIF(C11,B11,"y")>=1,DATEDIF(C11,B11,"y")&IF(DATEDIF(C11,B11,"y")=1," year "," years ")&DATEDIF(C11,B11,"ym")&IF(DATEDIF(C11,B11,"ym")=1," month"," months"),IF(DATEDIF(C11,B11,"m")>=1,DATEDIF(C11,B11,"m")&IF(DATEDIF(C11,B11,"m")=1," month"," months"),DATEDIF(C11,B11,"d")&IF(DATEDIF(C11,B11,"d")=1," day"," days")))) | M11: =IFERROR(VLOOKUP(G11,Reference!$I$2:$J$175,2,FALSE()),"Operations") -> Operations
D12: =IF(OR(B12="",C12=""),"",IF(DATEDIF(C12,B12,"y")>=1,DATEDIF(C12,B12,"y")&IF(DATEDIF(C12,B12,"y")=1," year "," years ")&DATEDIF(C12,B12,"ym")&IF(DATEDIF(C12,B12,"ym")=1," month"," months"),IF(DATEDIF(C12,B12,"m")>=1,DATEDIF(C12,B12,"m")&IF(DATEDIF(C12,B12,"m")=1," month"," months"),DATEDIF(C12,B12,"d")&IF(DATEDIF(C12,B12,"d")=1," day"," days")))) | M12: =IFERROR(VLOOKUP(G12,Reference!$I$2:$J$175,2,FALSE()),"Operations") -> Operations
D13: =IF(OR(B13="",C13=""),"",IF(DATEDIF(C13,B13,"y")>=1,DATEDIF(C13,B13,"y")&IF(DATEDIF(C13,B13,"y")=1," year "," years ")&DATEDIF(C13,B13,"ym")&IF(DATEDIF(C13,B13,"ym")=1," month"," months"),IF(DATEDIF(C13,B13,"m")>=1,DATEDIF(C13,B13,"m")&IF(DATEDIF(C13,B13,"m")=1," month"," months"),DATEDIF(C13,B13,"d")&IF(DATEDIF(C13,B13,"d")=1," day"," days")))) | M13: =IFERROR(VLOOKUP(G13,Reference!$I$2:$J$175,2,FALSE()),"Operations") -> Operations
D14: =IF(OR(B14="",C14=""),"",IF(DATEDIF(C14,B14,"y")>=1,DATEDIF(C14,B14,"y")&IF(DATEDIF(C14,B14,"y")=1," year "," years ")&DATEDIF(C14,B14,"ym")&IF(DATEDIF(C14,B14,"ym")=1," month"," months"),IF(DATEDIF(C14,B14,"m")>=1,DATEDIF(C14,B14,"m")&IF(DATEDIF(C14,B14,"m")=1," month"," months"),DATEDIF(C14,B14,"d")&IF(DATEDIF(C14,B14,"d")=1," day"," days")))) | M14: =IFERROR(VLOOKUP(G14,Reference!$I$2:$J$175,2,FALSE()),"Operations") -> Operations
D15: =IF(OR(B15="",C15=""),"",IF(DATEDIF(C15,B15,"y")>=1,DATEDIF(C15,B15,"y")&IF(DATEDIF(C15,B15,"y")=1," year "," years ")&DATEDIF(C15,B15,"ym")&IF(DATEDIF(C15,B15,"ym")=1," month"," months"),IF(DATEDIF(C15,B15,"m")>=1,DATEDIF(C15,B15,"m")&IF(DATEDIF(C15,B15,"m")=1," month"," months"),DATEDIF(C15,B15,"d")&IF(DATEDIF(C15,B15,"d")=1," day"," days")))) | M15: =IFERROR(VLOOKUP(G15,Reference!$I$2:$J$175,2,FALSE()),"Operations") -> Operations
D16: =IF(OR(B16="",C16=""),"",IF(DATEDIF(C16,B16,"y")>=1,DATEDIF(C16,B16,"y")&IF(DATEDIF(C16,B16,"y")=1," year "," years ")&DATEDIF(C16,B16,"ym")&IF(DATEDIF(C16,B16,"ym")=1," month"," months"),IF(DATEDIF(C16,B16,"m")>=1,DATEDIF(C16,B16,"m")&IF(DATEDIF(C16,B16,"m")=1," month"," months"),DATEDIF(C16,B16,"d")&IF(DATEDIF(C16,B16,"d")=1," day"," days")))) | M16: =IFERROR(VLOOKUP(G16,Reference!$I$2:$J$175,2,FALSE()),"Operations") -> Operations
D17: =IF(OR(B17="",C17=""),"",IF(DATEDIF(C17,B17,"y")>=1,DATEDIF(C17,B17,"y")&IF(DATEDIF(C17,B17,"y")=1," year "," years ")&DATEDIF(C17,B17,"ym")&IF(DATEDIF(C17,B17,"ym")=1," month"," months"),IF(DATEDIF(C17,B17,"m")>=1,DATEDIF(C17,B17,"m")&IF(DATEDIF(C17,B17,"m")=1," month"," months"),DATEDIF(C17,B17,"d")&IF(DATEDIF(C17,B17,"d")=1," day"," days")))) | M17: =IFERROR(VLOOKUP(G17,Reference!$I$2:$J$175,2,FALSE()),"Operations") -> Operations
D18: =IF(OR(B18="",C18=""),"",IF(DATEDIF(C18,B18,"y")>=1,DATEDIF(C18,B18,"y")&IF(DATEDIF(C18,B18,"y")=1," year "," years ")&DATEDIF(C18,B18,"ym")&IF(DATEDIF(C18,B18,"ym")=1," month"," months"),IF(DATEDIF(C18,B18,"m")>=1,DATEDIF(C18,B18,"m")&IF(DATEDIF(C18,B18,"m")=1," month"," months"),DATEDIF(C18,B18,"d")&IF(DATEDIF(C18,B18,"d")=1," day"," days")))) | M18: =IFERROR(VLOOKUP(G18,Reference!$I$2:$J$175,2,FALSE()),"Operations") -> Operations
D19: =IF(OR(B19="",C19=""),"",IF(DATEDIF(C19,B19,"y")>=1,DATEDIF(C19,B19,"y")&IF(DATEDIF(C19,B19,"y")=1," year "," years ")&DATEDIF(C19,B19,"ym")&IF(DATEDIF(C19,B19,"ym")=1," month"," months"),IF(DATEDIF(C19,B19,"m")>=1,DATEDIF(C19,B19,"m")&IF(DATEDIF(C19,B19,"m")=1," month"," months"),DATEDIF(C19,B19,"d")&IF(DATEDIF(C19,B19,"d")=1," day"," days")))) | M19: =IFERROR(VLOOKUP(G19,Reference!$I$2:$J$175,2,FALSE()),"Operations") -> Operations
D20: =IF(OR(B20="",C20=""),"",IF(DATEDIF(C20,B20,"y")>=1,DATEDIF(C20,B20,"y")&IF(DATEDIF(C20,B20,"y")=1," year "," years ")&DATEDIF(C20,B20,"ym")&IF(DATEDIF(C20,B20,"ym")=1," month"," months"),IF(DATEDIF(C20,B20,"m")>=1,DATEDIF(C20,B20,"m")&IF(DATEDIF(C20,B20,"m")=1," month"," months"),DATEDIF(C20,B20,"d")&IF(DATEDIF(C20,B20,"d")=1," day"," days")))) | M20: =IFERROR(VLOOKUP(G20,Reference!$I$2:$J$175,2,FALSE()),"Operations") -> Operations
... D38: =IF(OR(B38="",C38=""),"",IF(DATEDIF(C38,B38,"y")>=1,DATEDIF(C38,B38,"y")&IF(DATEDIF(C38,B38,"y")=1," year "," years ")&DATEDIF(C38,B38,"ym")&IF(DATEDIF(C38,B38,"ym")=1," month"," months"),IF(DATEDIF(C38,B38,"m")>=1,DATEDIF(C38,B38,"m")&IF(DATEDIF(C38,B38,"m")=1," month"," months"),DATEDIF(C38,B38,"d")&IF(DATEDIF(C38,B38,"d")=1," day"," days")))) | M38: =IFERROR(VLOOKUP(G38,Reference!$I$2:$J$175,2,FALSE()),"Operations") -> Operations
A39: SUBTOTAL: | B39: =COUNTA(A9:A38) -> 0
A41: FEBRUARY 2023
A42: Name | B42: Date of Separation | C42: DOH | D42: Length of Service | E42: Eligible for Rehire | F42: Status | G42: Location | H42: Reason for Leaving | I42: Supervisor | J42: Exit Interview Date | K42: Job | L42: Comments | M42: Department
D43: =IF(OR(B43="",C43=""),"",IF(DATEDIF(C43,B43,"y")>=1,DATEDIF(C43,B43,"y")&IF(DATEDIF(C43,B43,"y")=1," year "," years ")&DATEDIF(C43,B43,"ym")&IF(DATEDIF(C43,B43,"ym")=1," month"," months"),IF(DATEDIF(C43,B43,"m")>=1,DATEDIF(C43,B43,"m")&IF(DATEDIF(C43,B43,"m")=1," month"," months"),DATEDIF(C43,B43,"d")&IF(DATEDIF(C43,B43,"d")=1," day"," days")))) | M43: =IFERROR(VLOOKUP(G43,Reference!$I$2:$J$175,2,FALSE()),"Operations") -> Operations
D44: =IF(OR(B44="",C44=""),"",IF(DATEDIF(C44,B44,"y")>=1,DATEDIF(C44,B44,"y")&IF(DATEDIF(C44,B44,"y")=1," year "," years ")&DATEDIF(C44,B44,"ym")&IF(DATEDIF(C44,B44,"ym")=1," month"," months"),IF(DATEDIF(C44,B44,"m")>=1,DATEDIF(C44,B44,"m")&IF(DATEDIF(C44,B44,"m")=1," month"," months"),DATEDIF(C44,B44,"d")&IF(DATEDIF(C44,B44,"d")=1," day"," days")))) | M44: =IFERROR(VLOOKUP(G44,Reference!$I$2:$J$175,2,FALSE()),"Operations") -> Operations
D45: =IF(OR(B45="",C45=""),"",IF(DATEDIF(C45,B45,"y")>=1,DATEDIF(C45,B45,"y")&IF(DATEDIF(C45,B45,"y")=1," year "," years ")&DATEDIF(C45,B45,"ym")&IF(DATEDIF(C45,B45,"ym")=1," month"," months"),IF(DATEDIF(C45,B45,"m")>=1,DATEDIF(C45,B45,"m")&IF(DATEDIF(C45,B45,"m")=1," month"," months"),DATEDIF(C45,B45,"d")&IF(DATEDIF(C45,B45,"d")=1," day"," days")))) | M45: =IFERROR(VLOOKUP(G45,Reference!$I$2:$J$175,2,FALSE()),"Operations") -> Operations
D46: =IF(OR(B46="",C46=""),"",IF(DATEDIF(C46,B46,"y")>=1,DATEDIF(C46,B46,"y")&IF(DATEDIF(C46,B46,"y")=1," year "," years ")&DATEDIF(C46,B46,"ym")&IF(DATEDIF(C46,B46,"ym")=1," month"," months"),IF(DATEDIF(C46,B46,"m")>=1,DATEDIF(C46,B46,"m")&IF(DATEDIF(C46,B46,"m")=1," month"," months"),DATEDIF(C46,B46,"d")&IF(DATEDIF(C46,B46,"d")=1," day"," days")))) | M46: =IFERROR(VLOOKUP(G46,Reference!$I$2:$J$175,2,FALSE()),"Operations") -> Operations
D47: =IF(OR(B47="",C47=""),"",IF(DATEDIF(C47,B47,"y")>=1,DATEDIF(C47,B47,"y")&IF(DATEDIF(C47,B47,"y")=1," year "," years ")&DATEDIF(C47,B47,"ym")&IF(DATEDIF(C47,B47,"ym")=1," month"," months"),IF(DATEDIF(C47,B47,"m")>=1,DATEDIF(C47,B47,"m")&IF(DATEDIF(C47,B47,"m")=1," month"," months"),DATEDIF(C47,B47,"d")&IF(DATEDIF(C47,B47,"d")=1," day"," days")))) | M47: =IFERROR(VLOOKUP(G47,Reference!$I$2:$J$175,2,FALSE()),"Operations") -> Operations
D48: =IF(OR(B48="",C48=""),"",IF(DATEDIF(C48,B48,"y")>=1,DATEDIF(C48,B48,"y")&IF(DATEDIF(C48,B48,"y")=1," year "," years ")&DATEDIF(C48,B48,"ym")&IF(DATEDIF(C48,B48,"ym")=1," month"," months"),IF(DATEDIF(C48,B48,"m")>=1,DATEDIF(C48,B48,"m")&IF(DATEDIF(C48,B48,"m")=1," month"," months"),DATEDIF(C48,B48,"d")&IF(DATEDIF(C48,B48,"d")=1," day"," days")))) | M48: =IFERROR(VLOOKUP(G48,Reference!$I$2:$J$175,2,FALSE()),"Operations") -> Operations
D49: =IF(OR(B49="",C49=""),"",IF(DATEDIF(C49,B49,"y")>=1,DATEDIF(C49,B49,"y")&IF(DATEDIF(C49,B49,"y")=1," year "," years ")&DATEDIF(C49,B49,"ym")&IF(DATEDIF(C49,B49,"ym")=1," month"," months"),IF(DATEDIF(C49,B49,"m")>=1,DATEDIF(C49,B49,"m")&IF(DATEDIF(C49,B49,"m")=1," month"," months"),DATEDIF(C49,B49,"d")&IF(DATEDIF(C49,B49,"d")=1," day"," days")))) | M49: =IFERROR(VLOOKUP(G49,Reference!$I$2:$J$175,2,FALSE()),"Operations") -> Operations
D50: =IF(OR(B50="",C50=""),"",IF(DATEDIF(C50,B50,"y")>=1,DATEDIF(C50,B50,"y")&IF(DATEDIF(C50,B50,"y")=1," year "," years ")&DATEDIF(C50,B50,"ym")&IF(DATEDIF(C50,B50,"ym")=1," month"," months"),IF(DATEDIF(C50,B50,"m")>=1,DATEDIF(C50,B50,"m")&IF(DATEDIF(C50,B50,"m")=1," month"," months"),DATEDIF(C50,B50,"d")&IF(DATEDIF(C50,B50,"d")=1," day"," days")))) | M50: =IFERROR(VLOOKUP(G50,Reference!$I$2:$J$175,2,FALSE()),"Operations") -> Operations
